-- Contab Catálogo de Relación de Cuentas
INSERT INTO `llx_contab_rel_ctas` (`rowid`, `code`, `description`, `fk_sat_cta`, `fk_cat_cta`) VALUES
(1, 'ACTIVO', 'Activo', 1, 1),
(2, 'ACTIVOCP', 'Activo a Corto Plazo', 2, 2),
(3, 'EFECTIVO', 'Caja y Efectivo', 4, 4),
(4, 'BANCOS_NAL', 'Bancos Nacionales', 6, 6),
(5, 'CLIENTES', 'Clientes', 14, 14),
(6, 'CLIENTES_NAL', 'Clientes Nacionales', 15, 15),
(7, 'CLIENTES_EXT', 'Clientes Extranjeros', 16, 16),
(8, 'IVA_A_FAVOR', 'IVA a Favor', 72, 72),
(9, 'INVENTARIO', 'Inventarios o  Mercancías', 83, 83),
(10, 'IVA_ACRED_PAG', 'IVA Acreditable Pagado', 95, 95),
(11, 'IVA_ACRED_IMP_PAG', 'IVA Acreditable de Importación Pagado', 96, 96),
(12, 'IVA_PEND_PAGO', 'IVA Pendiente de Pago', 100, 100),
(13, 'IVA_IMP_PEND_PAGO', 'IVA de Importación Pendiente de Pago', 101, 101),
(14, 'ACTIVOLP', 'Activo a Largo Plazo', 111, 111),
(15, 'PROVEEDORES', 'Proveedores', 252, 252),
(16, 'PROVEEDORES_NAL', 'Proveedores Nacionales', 253, 253),
(17, 'PROVEEDORES_EXT', 'Proveedores Extranjeros', 254, 254),
(18, 'ACREEDORES', 'Acreedores Corto Plazo', 291, 291),
(19, 'ACREEDORES_NAL', 'Acreedores Nacionales', 293, 293),
(20, 'ACREEDORES_EXT', 'Acreedores Extranjeros', 294, 294),
(21, 'ANT_CTE', 'Anticipo de Clientes', 298, 298),
(22, 'ANT_CTE_NAL', 'Anticipo de Clientes Nacionales', 299, 299),
(23, 'ANT_CTE_EXT', 'Anticipo de Clientes Extranjeros', 300, 300),
(24, 'IVA_TRAS_COBRADO', 'IVA Trasladado Cobrado', 308, 308),
(25, 'IVA_TRAS_NO_COBRADO', 'IVA Trasladado No Cobrado', 311, 311),
(26, 'IVA_POR_PAGAR', 'IVA Por Pagar', 328, 328),
(27, 'VENTAS', 'Ventas', 444, 444),
(28, 'VENTAS_TASA_GRAL', 'Ventas Tasa General', 445, 445),
(29, 'VENTAS_TASA_0', 'Ventas Tasa 0%', 448, 448),
(30, 'DEV_VTA', 'Devoluciones y Descuentos s/Ventas', 483, 483),
(31, 'DEV_VTA_TASA_GRAL', 'Devoluciones y Descuentos s/Ventas Tasa General', 484, 484),
(32, 'DEV_VTA_TASA_0', 'Devoluciones y Descuentos s/Ventas Tasa 0%', 485, 485),
(33, 'COSTO_VTA', 'Costo de Venta', 495, 495),
(34, 'COMP', 'Compras', 503, 503),
(35, 'COMP_NAL', 'Compras Nacionales', 504, 504),
(36, 'COMP_EXT', 'Compras Extranjero', 506, 506),
(37, 'DEV_COMP', 'Devoluciones y Descuentos s/Compra', 509, 509),
(38, 'GASTOS', 'Gastos', 539, 539),
(39, 'GASTOS_GRALES', 'Gastos Generales', 540, 540),
(40, 'GASTOS_VTA', 'Gastos de Venta', 625, 625),
(41, 'GASTOS_ADMON', 'Gastos de Administración', 710, 710),
(42, 'GASTOS_FAB', 'Gastos de Fabricación', 793, 793);
	    
-- Contab - Constant
DELETE FROM llx_const WHERE name = 'MAX_DAYS_FOR_DELAY_AFTER_MONTH_ENDS' AND entity = 1;
INSERT INTO `llx_const` (name,value,type,visible,note,entity) VALUES ('MAX_DAYS_FOR_DELAY_AFTER_MONTH_ENDS', '5','chaine',1,'Total slack days after the end of the month to close the period.',1);

DELETE FROM llx_const WHERE name = 'CONTAB_MAX_ROWS_PER_PAGE' AND entity = 1;
INSERT INTO `llx_const` (name,value,type,visible,note,entity) VALUES ('CONTAB_MAX_ROWS_PER_PAGE', '100','chaine',1,'Count of records that can be showed per page.',1);


-- Contab - Clon del Catálogo de Cuentas del SAT, para los usuarios que ya hayan homologado su catálogo de cuentas con el SAT.
INSERT INTO `llx_contab_cat_ctas` (`rowid`, `cta`, `descta`, `fk_sat_cta`, `subctade`) VALUES 
(1, '100', 'Activo', 1, 0),
(2, '100.01', 'Activo a corto plazo', 2, 1),
(3, '101', 'Caja', 3, 2),
(4, '101.01', 'Caja y efectivo', 4, 3),
(5, '102', 'Bancos', 5, 2),
(6, '102.01', 'Bancos nacionales', 6, 5),
(7, '102.02', 'Bancos extranjeros', 7, 5),
(8, '103', 'Inversiones', 8, 2),
(9, '103.01', 'Inversiones temporales', 9, 8),
(10, '103.02', 'Inversiones en fideicomisos', 10, 8),
(11, '103.03', 'Otras inversiones', 11, 8),
(12, '104', 'Otros instrumentos financieros', 12, 2),
(13, '104.01', 'Otros instrumentos financieros', 13, 12),
(14, '105', 'Clientes', 14, 2),
(15, '105.01', 'Clientes nacionales', 15, 14),
(16, '105.02', 'Clientes extranjeros', 16, 14),
(17, '105.03', 'Clientes nacionales parte relacionada', 17, 14),
(18, '105.04', 'Clientes extranjeros parte relacionada', 18, 14),
(19, '106', 'Cuentas y documentos por cobrar a corto plazo', 19, 2),
(20, '106.01', 'Cuentas y documentos por cobrar a corto plazo nacional', 20, 19),
(21, '106.02', 'Cuentas y documentos por cobrar a corto plazo extranjero', 21, 19),
(22, '106.03', 'Cuentas y documentos por cobrar a corto plazo nacional parte relacionada', 22, 19),
(23, '106.04', 'Cuentas y documentos por cobrar a corto plazo extranjero parte relacionada', 23, 19),
(24, '106.05', 'Intereses por cobrar a corto plazo nacional', 24, 19),
(25, '106.06', 'Intereses por cobrar a corto plazo extranjero', 25, 19),
(26, '106.07', 'Intereses por cobrar a corto plazo nacional parte relacionada', 26, 19),
(27, '106.08', 'Intereses por cobrar a corto plazo extranjero parte relacionada', 27, 19),
(28, '106.09', 'Otras cuentas y documentos por cobrar a corto plazo', 28, 19),
(29, '106.10', 'Otras cuentas y documentos por cobrar a corto plazo parte relacionada', 29, 19),
(30, '107', 'Deudores diversos', 30, 2),
(31, '107.01', 'Funcionarios y empleados', 31, 30),
(32, '107.02', 'Socios y accionistas', 32, 30),
(33, '107.03', 'Partes relacionadas nacionales', 33, 30),
(34, '107.04', 'Partes relacionadas extranjeros', 34, 30),
(35, '107.05', 'Otros deudores diversos', 35, 30),
(36, '108', 'Estimación de cuentas incobrables', 36, 2),
(37, '108.01', 'Estimación de cuentas incobrables nacional', 37, 36),
(38, '108.02', 'Estimación de cuentas incobrables extranjero', 38, 36),
(39, '108.03', 'Estimación de cuentas incobrables nacional parte relacionada', 39, 36),
(40, '108.04', 'Estimación de cuentas incobrables extranjero parte relacionada', 40, 36),
(41, '109', 'Pagos anticipados', 41, 2),
(42, '109.01', 'Seguros y fianzas pagados por anticipado nacional', 42, 41),
(43, '109.02', 'Seguros y fianzas pagados por anticipado extranjero', 43, 41),
(44, '109.03', 'Seguros y fianzas pagados por anticipado nacional parte relacionada', 44, 41),
(45, '109.04', 'Seguros y fianzas pagados por anticipado extranjero parte relacionada', 45, 41),
(46, '109.05', 'Rentas pagados por anticipado nacional', 46, 41),
(47, '109.06', 'Rentas pagados por anticipado extranjero', 47, 41),
(48, '109.07', 'Rentas pagados por anticipado nacional parte relacionada', 48, 41),
(49, '109.08', 'Rentas pagados por anticipado extranjero parte relacionada', 49, 41),
(50, '109.09', 'Intereses pagados por anticipado nacional', 50, 41),
(51, '109.10', 'Intereses pagados por anticipado extranjero', 51, 41),
(52, '109.11', 'Intereses pagados por anticipado nacional parte relacionada', 52, 41),
(53, '109.12', 'Intereses pagados por anticipado extranjero parte relacionada', 53, 41),
(54, '109.13', 'Factoraje financiero pagados por anticipado nacional', 54, 41),
(55, '109.14', 'Factoraje financiero pagados por anticipado extranjero', 55, 41),
(56, '109.15', 'Factoraje financiero pagados por anticipado nacional parte relacionada', 56, 41),
(57, '109.16', 'Factoraje financiero pagados por anticipado extranjero parte relacionada', 57, 41),
(58, '109.17', 'Arrendamiento financiero pagados por anticipado nacional', 58, 41),
(59, '109.18', 'Arrendamiento financiero pagados por anticipado extranjero', 59, 41),
(60, '109.19', 'Arrendamiento financiero pagados por anticipado nacional parte relacionada', 60, 41),
(61, '109.20', 'Arrendamiento financiero pagados por anticipado extranjero parte relacionada', 61, 41),
(62, '109.21', 'Pérdida por deterioro de pagos anticipados', 62, 41),
(63, '109.22', 'Derechos fiduciarios', 63, 41),
(64, '109.23', 'Otros pagos anticipados', 64, 41),
(65, '110', 'Subsidio al empleo por aplicar', 65, 2),
(66, '110.01', 'Subsidio al empleo por aplicar', 66, 65),
(67, '111', 'Crédito al diesel por acreditar', 67, 2),
(68, '111.01', 'Crédito al diesel por acreditar', 68, 67),
(69, '112', 'Otros estímulos', 69, 2),
(70, '112.01', 'Otros estímulos', 70, 69),
(71, '113', 'Impuestos a favor', 71, 2),
(72, '113.01', 'IVA a favor', 72, 71),
(73, '113.02', 'ISR a favor', 73, 71),
(74, '113.03', 'IETU a favor', 74, 71),
(75, '113.04', 'IDE a favor', 75, 71),
(76, '113.05', 'IA a favor', 76, 71),
(77, '113.06', 'Subsidio al empleo', 77, 71),
(78, '113.07', 'Pago de lo indebido', 78, 71),
(79, '113.08', 'Otros impuestos a favor', 79, 71),
(80, '114', 'Pagos provisionales', 80, 2),
(81, '114.01', 'Pagos provisionales de ISR', 81, 80),
(82, '115', 'Inventario', 82, 2),
(83, '115.01', 'Inventario', 83, 82),
(84, '115.02', 'Materia prima y materiales', 84, 82),
(85, '115.03', 'Producción en proceso', 85, 82),
(86, '115.04', 'Productos terminados', 86, 82),
(87, '115.05', 'Mercancías en tránsito', 87, 82),
(88, '115.06', 'Mercancías en poder de terceros', 88, 82),
(89, '115.07', 'Otros', 89, 82),
(90, '116', 'Estimación de inventarios obsoletos y de lento movimiento', 90, 2),
(91, '116.01', 'Estimación de inventarios obsoletos y de lento movimiento', 91, 90),
(92, '117', 'Obras en proceso de inmuebles', 92, 2),
(93, '117.01', 'Obras en proceso de inmuebles', 93, 92),
(94, '118', 'Impuestos acreditables pagados', 94, 2),
(95, '118.01', 'IVA acreditable pagado', 95, 94),
(96, '118.02', 'IVA acreditable de importación pagado', 96, 94),
(97, '118.03', 'IEPS acreditable pagado', 97, 94),
(98, '118.04', 'IEPS pagado en importación', 98, 94),
(99, '119', 'Impuestos acreditables por pagar', 99, 2),
(100, '119.01', 'IVA pendiente de pago', 100, 99),
(101, '119.02', 'IVA de importación pendiente de pago', 101, 99),
(102, '119.03', 'IEPS pendiente de pago', 102, 99),
(103, '119.04', 'IEPS pendiente de pago en importación', 103, 99),
(104, '120', 'Anticipo a proveedores', 104, 2),
(105, '120.01', 'Anticipo a proveedores nacional', 105, 104),
(106, '120.02', 'Anticipo a proveedores extranjero', 106, 104),
(107, '120.03', 'Anticipo a proveedores nacional parte relacionada', 107, 104),
(108, '120.04', 'Anticipo a proveedores extranjero parte relacionada', 108, 104),
(109, '121', 'Otros activos a corto plazo', 109, 2),
(110, '121.01', 'Otros activos a corto plazo', 110, 109),
(111, '100.02', 'Activo a largo plazo', 111, 1),
(112, '151', 'Terrenos', 112, 111),
(113, '151.01', 'Terrenos', 113, 112),
(114, '152', 'Edificios', 114, 111),
(115, '152.01', 'Edificios', 115, 114),
(116, '153', 'Maquinaria y equipo', 116, 111),
(117, '153.01', 'Maquinaria y equipo', 117, 116),
(118, '154', 'Automóviles, autobuses, camiones de carga, tractocamiones, montacargas y remolques', 118, 111),
(119, '154.01', 'Automóviles, autobuses, camiones de carga, tractocamiones, montacargas y remolques', 119, 118),
(120, '155', 'Mobiliario y equipo de oficina', 120, 111),
(121, '155.01', 'Mobiliario y equipo de oficina', 121, 120),
(122, '156', 'Equipo de cómputo', 122, 111),
(123, '156.01', 'Equipo de cómputo', 123, 122),
(124, '157', 'Equipo de comunicación', 124, 111),
(125, '157.01', 'Equipo de comunicación', 125, 124),
(126, '158', 'Activos biológicos, vegetales y semovientes', 126, 111),
(127, '158.01', 'Activos biológicos, vegetales y semovientes ', 127, 126),
(128, '159', 'Obras en proceso de activos fijos ', 128, 111),
(129, '159.01', 'Obras en proceso de activos fijos ', 129, 128),
(130, '160', 'Otros activos fijos ', 130, 111),
(131, '160.01', 'Otros activos fijos ', 131, 130),
(132, '161', 'Ferrocarriles ', 132, 111),
(133, '161.01', 'Ferrocarriles ', 133, 132),
(134, '162', 'Embarcaciones ', 134, 111),
(135, '162.01', 'Embarcaciones ', 135, 134),
(136, '163', 'Aviones ', 136, 111),
(137, '163.01', 'Aviones ', 137, 136),
(138, '164', 'Troqueles, moldes, matrices y herramental ', 138, 111),
(139, '164.01', 'Troqueles, moldes, matrices y herramental ', 139, 138),
(140, '165', 'Equipo de comunicaciones telefónicas ', 140, 111),
(141, '165.01', 'Equipo de comunicaciones telefónicas ', 141, 140),
(142, '166', 'Equipo de comunicación satelital ', 142, 111),
(143, '166.01', 'Equipo de comunicación satelital ', 143, 142),
(144, '167', 'Equipo de adaptaciones para personas con capacidades diferentes ', 144, 111),
(145, '167.01', 'Equipo de adaptaciones para personas con capacidades diferentes ', 145, 144),
(146, '168', 'Maquinaria y equipo de generación de energía de fuentes renovables o de sistemas de cogeneración de electricidad eficiente ', 146, 111),
(147, '168.01', 'Maquinaria y equipo de generación de energía de fuentes renovables o de sistemas de cogeneración de electricidad eficiente ', 147, 146),
(148, '169', 'Otra maquinaria y equipo', 148, 111),
(149, '169.01', 'Otra maquinaria y equipo ', 149, 148),
(150, '170', 'Adaptaciones y mejoras ', 150, 111),
(151, '170.01', 'Adaptaciones y mejoras ', 151, 150),
(152, '171', 'Depreciación acumulada de activos fijos ', 152, 111),
(153, '171.01', 'Depreciación acumulada de edificios ', 153, 152),
(154, '171.02', 'Depreciación acumulada de maquinaria y equipo ', 154, 152),
(155, '171.03', 'Depreciación acumulada de automóviles, autobuses, camiones de carga, tractocamiones, montacargas y remolques ', 155, 152),
(156, '171.04', 'Depreciación acumulada de mobiliario y equipo de oficina ', 156, 152),
(157, '171.05', 'Depreciación acumulada de equipo de cómputo ', 157, 152),
(158, '171.06', 'Depreciación acumulada de equipo de comunicación ', 158, 152),
(159, '171.07', 'Depreciación acumulada de activos biológicos, vegetales y semovientes ', 159, 152),
(160, '171.08', 'Depreciación acumulada de otros activos fijos', 160, 152),
(161, '171.09', 'Depreciación acumulada de ferrocarriles ', 161, 152),
(162, '171.10', 'Depreciación acumulada de embarcaciones ', 162, 152),
(163, '171.11', 'Depreciación acumulada de aviones ', 163, 152),
(164, '171.12', 'Depreciación acumulada de troqueles, moldes, matrices y herramental ', 164, 152),
(165, '171.13', 'Depreciación acumulada de equipo de comunicaciones telefónicas ', 165, 152),
(166, '171.14', 'Depreciación acumulada de equipo de comunicación satelital ', 166, 152),
(167, '171.15', 'Depreciación acumulada de equipo de adaptaciones para personas con capacidades diferentes ', 167, 152),
(168, '171.16', 'Depreciación acumulada de maquinaria y equipo de generación de energía de fuentes renovables o de sistemas de cogeneración de electricidad eficiente ', 168, 152),
(169, '171.17', 'Depreciación acumulada de adaptaciones y mejoras ', 169, 152),
(170, '171.18', 'Depreciación acumulada de otra maquinaria y equipo ', 170, 152),
(171, '172', 'Pérdida por deterioro acumulado de activos fijos ', 171, 111),
(172, '172.01', 'Pérdida por deterioro acumulado de edificios ', 172, 171),
(173, '172.02', 'Pérdida por deterioro acumulado de maquinaria y equipo ', 173, 171),
(174, '172.03', 'Pérdida por deterioro acumulado de automóviles, autobuses, camiones de carga, tractocamiones, montacargas y remolques ', 174, 171),
(175, '172.04', 'Pérdida por deterioro acumulado de mobiliario y equipo de oficina ', 175, 171),
(176, '172.05', 'Pérdida por deterioro acumulado de equipo de cómputo ', 176, 171),
(177, '172.06', 'Pérdida por deterioro acumulado de equipo de comunicación ', 177, 171),
(178, '172.07', 'Pérdida por deterioro acumulado de activos biológicos, vegetales y semovientes ', 178, 171),
(179, '172.08', 'Pérdida por deterioro acumulado de otros activos fijos ', 179, 171),
(180, '172.09', 'Pérdida por deterioro acumulado de ferrocarriles ', 180, 171),
(181, '172.10', 'Pérdida por deterioro acumulado de embarcaciones ', 181, 171),
(182, '172.11', 'Pérdida por deterioro acumulado de aviones ', 182, 171),
(183, '172.12', 'Pérdida por deterioro acumulado de troqueles, moldes, matrices y herramental ', 183, 171),
(184, '172.13', 'Pérdida por deterioro acumulado de equipo de comunicaciones telefónicas ', 184, 171),
(185, '172.14', 'Pérdida por deterioro acumulado de equipo de comunicación satelital ', 185, 171),
(186, '172.15', 'Pérdida por deterioro acumulado de equipo de adaptaciones para personas con capacidades diferentes ', 186, 171),
(187, '172.16', 'Pérdida por deterioro acumulado de maquinaria y equipo de generación de energía de fuentes renovables o de sistemas de cogeneración de electricidad eficiente ', 187, 171),
(188, '172.17', 'Pérdida por deterioro acumulado de adaptaciones y mejoras ', 188, 171),
(189, '172.18', 'Pérdida por deterioro acumulado de otra maquinaria y equipo ', 189, 171),
(190, '173', 'Gastos diferidos ', 190, 111),
(191, '173.01', 'Gastos diferidos ', 191, 190),
(192, '174', 'Gastos pre operativos ', 192, 111),
(193, '174.01', 'Gastos pre operativos', 193, 192),
(194, '175', 'Regalías, asistencia técnica y otros gastos diferidos ', 194, 111),
(195, '175.01', 'Regalías, asistencia técnica y otros gastos diferidos ', 195, 194),
(196, '176', 'Activos intangibles ', 196, 111),
(197, '176.01', 'Activos intangibles ', 197, 196),
(198, '177', 'Gastos de organización ', 198, 111),
(199, '177.01', 'Gastos de organización ', 199, 198),
(200, '178', 'Investigación y desarrollo de mercado ', 200, 111),
(201, '178.01', 'Investigación y desarrollo de mercado ', 201, 200),
(202, '179', 'Marcas y patentes ', 202, 111),
(203, '179.01', 'Marcas y patentes ', 203, 202),
(204, '180', 'Crédito mercantil ', 204, 111),
(205, '180.01', 'Crédito mercantil ', 205, 204),
(206, '181', 'Gastos de instalación ', 206, 111),
(207, '181.01', 'Gastos de instalación ', 207, 206),
(208, '182', 'Otros activos diferidos ', 208, 111),
(209, '182.01', 'Otros activos diferidos ', 209, 208),
(210, '183', 'Amortización acumulada de activos diferidos ', 210, 111),
(211, '183.01', 'Amortización acumulada de gastos diferidos ', 211, 210),
(212, '183.02', 'Amortización acumulada de gastos pre operativos ', 212, 210),
(213, '183.03', 'Amortización acumulada de regalías, asistencia técnica y otros gastos diferidos ', 213, 210),
(214, '183.04', 'Amortización acumulada de activos intangibles ', 214, 210),
(215, '183.05', 'Amortización acumulada de gastos de organización ', 215, 210),
(216, '183.06', 'Amortización acumulada de investigación y desarrollo de mercado ', 216, 210),
(217, '183.07', 'Amortización acumulada de marcas y patentes ', 217, 210),
(218, '183.08', 'Amortización acumulada de crédito mercantil ', 218, 210),
(219, '183.09', 'Amortización acumulada de gastos de instalación ', 219, 210),
(220, '183.10', 'Amortización acumulada de otros activos diferidos ', 220, 210),
(221, '184', 'Depósitos en garantía ', 221, 111),
(222, '184.01', 'Depósitos de fianzas ', 222, 221),
(223, '184.02', 'Depósitos de arrendamiento de bienes inmuebles', 223, 221),
(224, '184.03', 'Otros depósitos en garantía ', 224, 221),
(225, '185', 'Impuestos diferidos ', 225, 111),
(226, '185.01', 'Impuestos diferidos ISR ', 226, 225),
(227, '186', 'Cuentas y documentos por cobrar a largo plazo ', 227, 111),
(228, '186.01', 'Cuentas y documentos por cobrar a largo plazo nacional ', 228, 227),
(229, '186.02', 'Cuentas y documentos por cobrar a largo plazo extranjero ', 229, 227),
(230, '186.03', 'Cuentas y documentos por cobrar a largo plazo nacional parte relacionada ', 230, 227),
(231, '186.04', 'Cuentas y documentos por cobrar a largo plazo extranjero parte relacionada ', 231, 227),
(232, '186.05', 'Intereses por cobrar a largo plazo nacional ', 232, 227),
(233, '186.06', 'Intereses por cobrar a largo plazo extranjero ', 233, 227),
(234, '186.07', 'Intereses por cobrar a largo plazo nacional parte relacionada ', 234, 227),
(235, '186.08', 'Intereses por cobrar a largo plazo extranjero parte relacionada ', 235, 227),
(236, '186.09', 'Otras cuentas y documentos por cobrar a largo plazo ', 236, 227),
(237, '186.10', 'Otras cuentas y documentos por cobrar a largo plazo parte relacionada ', 237, 227),
(238, '187', 'Participación de los trabajadores en las utilidades diferidas ', 238, 111),
(239, '187.01', 'Participación de los trabajadores en las utilidades diferidas ', 239, 238),
(240, '188', 'Inversiones permanentes en acciones ', 240, 111),
(241, '188.01', 'Inversiones a largo plazo en subsidiarias ', 241, 240),
(242, '188.02', 'Inversiones a largo plazo en asociadas ', 242, 240),
(243, '188.03', 'Otras inversiones permanentes en acciones ', 243, 240),
(244, '189', 'Estimación por deterioro de inversiones permanentes en acciones', 244, 111),
(245, '189.01', 'Estimación por deterioro de inversiones permanentes en acciones ', 245, 244),
(246, '190', 'Otros instrumentos financieros ', 246, 111),
(247, '190.01', 'Otros instrumentos financieros ', 247, 246),
(248, '191', 'Otros activos a largo plazo ', 248, 111),
(249, '191.01', 'Otros activos a largo plazo ', 249, 248),
(250, '200', 'Pasivo ', 250, 0),
(251, '200.01', 'Pasivo a corto plazo ', 251, 250),
(252, '201', 'Proveedores ', 252, 251),
(253, '201.01', 'Proveedores nacionales ', 253, 252),
(254, '201.02', 'Proveedores extranjeros ', 254, 252),
(255, '201.03', 'Proveedores nacionales parte relacionada ', 255, 252),
(256, '201.04', 'Proveedores extranjeros parte relacionada ', 256, 252),
(257, '202', 'Cuentas por pagar a corto plazo ', 257, 251),
(258, '202.01', 'Documentos por pagar bancario y financiero nacional ', 258, 257),
(259, '202.02', 'Documentos por pagar bancario y financiero extranjero ', 259, 257),
(260, '202.03', 'Documentos y cuentas por pagar a corto plazo nacional ', 260, 257),
(261, '202.04', 'Documentos y cuentas por pagar a corto plazo extranjero ', 261, 257),
(262, '202.05', 'Documentos y cuentas por pagar a corto plazo nacional parte relacionada ', 262, 257),
(263, '202.06', 'Documentos y cuentas por pagar a corto plazo extranjero parte relacionada ', 263, 257),
(264, '202.07', 'Intereses por pagar a corto plazo nacional ', 264, 257),
(265, '202.08', 'Intereses por pagar a corto plazo extranjero ', 265, 257),
(266, '202.09', 'Intereses por pagar a corto plazo nacional parte relacionada ', 266, 257),
(267, '202.10', 'Intereses por pagar a corto plazo extranjero parte relacionada ', 267, 257),
(268, '202.11', 'Dividendo por pagar nacional ', 268, 257),
(269, '202.12', 'Dividendo por pagar extranjero ', 269, 257),
(270, '203', 'Cobros anticipados a corto plazo ', 270, 251),
(271, '203.01', 'Rentas cobradas por anticipado a corto plazo nacional ', 271, 270),
(272, '203.02', 'Rentas cobradas por anticipado a corto plazo extranjero ', 272, 270),
(273, '203.03', 'Rentas cobradas por anticipado a corto plazo nacional parte relacionada ', 273, 270),
(274, '203.04', 'Rentas cobradas por anticipado a corto plazo extranjero parte relacionada ', 274, 270),
(275, '203.05', 'Intereses cobrados por anticipado a corto plazo nacional ', 275, 270),
(276, '203.06', 'Intereses cobrados por anticipado a corto plazo extranjero ', 276, 270),
(277, '203.07', 'Intereses cobrados por anticipado a corto plazo nacional parte relacionada ', 277, 270),
(278, '203.08', 'Intereses cobrados por anticipado a corto plazo extranjero parte relacionada ', 278, 270),
(279, '203.09', 'Factoraje financiero cobrados por anticipado a corto plazo nacional ', 279, 270),
(280, '203.10', 'Factoraje financiero cobrados por anticipado a corto plazo extranjero ', 280, 270),
(281, '203.11', 'Factoraje financiero cobrados por anticipado a corto plazo nacional parte relacionada ', 281, 270),
(282, '203.12', 'Factoraje financiero cobrados por anticipado a corto plazo extranjero parte relacionada ', 282, 270),
(283, '203.13', 'Arrendamiento financiero cobrados por anticipado a corto plazo nacional ', 283, 270),
(284, '203.14', 'Arrendamiento financiero cobrados por anticipado a corto plazo extranjero ', 284, 270),
(285, '203.15', 'Arrendamiento financiero cobrados por anticipado a corto plazo nacional parte relacionada ', 285, 270),
(286, '203.16', 'Arrendamiento financiero cobrados por anticipado a corto plazo extranjero parte relacionada ', 286, 270),
(287, '203.17', 'Derechos fiduciarios ', 287, 270),
(288, '203.18', 'Otros cobros anticipados ', 288, 270),
(289, '204', 'Instrumentos financieros a corto plazo ', 289, 251),
(290, '204.01', 'Instrumentos financieros a corto plazo ', 290, 289),
(291, '205', 'Acreedores diversos a corto plazo ', 291, 251),
(292, '205.01', 'Socios, accionistas o representante legal ', 292, 291),
(293, '205.02', 'Acreedores diversos a corto plazo nacional ', 293, 291),
(294, '205.03', 'Acreedores diversos a corto plazo extranjero ', 294, 291),
(295, '205.04', 'Acreedores diversos a corto plazo nacional parte relacionada', 295, 291),
(296, '205.05', 'Acreedores diversos a corto plazo extranjero parte relacionada ', 296, 291),
(297, '205.06', 'Otros acreedores diversos a corto plazo ', 297, 291),
(298, '206', 'Anticipo de cliente ', 298, 251),
(299, '206.01', 'Anticipo de cliente nacional ', 299, 298),
(300, '206.02', 'Anticipo de cliente extranjero ', 300, 298),
(301, '206.03', 'Anticipo de cliente nacional parte relacionada ', 301, 298),
(302, '206.04', 'Anticipo de cliente extranjero parte relacionada ', 302, 298),
(303, '206.05', 'Otros anticipos de clientes ', 303, 298),
(304, '207', 'Impuestos trasladados ', 304, 251),
(305, '207.01', 'IVA trasladado ', 305, 304),
(306, '207.02', 'IEPS trasladado ', 306, 304),
(307, '208', 'Impuestos trasladados cobrados ', 307, 251),
(308, '208.01', 'IVA trasladado cobrado ', 308, 307),
(309, '208.02', 'IEPS trasladado cobrado ', 309, 307),
(310, '209', 'Impuestos trasladados no cobrados ', 310, 251),
(311, '209.01', 'IVA trasladado no cobrado ', 311, 310),
(312, '209.02', 'IEPS trasladado no cobrado ', 312, 310),
(313, '210', 'Provisión de sueldos y salarios por pagar ', 313, 251),
(314, '210.01', 'Provisión de sueldos y salarios por pagar ', 314, 313),
(315, '210.02', 'Provisión de vacaciones por pagar ', 315, 313),
(316, '210.03', 'Provisión de aguinaldo por pagar ', 316, 313),
(317, '210.04', 'Provisión de fondo de ahorro por pagar ', 317, 313),
(318, '210.05', 'Provisión de asimilados a salarios por pagar ', 318, 313),
(319, '210.06', 'Provisión de anticipos o remanentes por distribuir ', 319, 313),
(320, '210.07', 'Provisión de otros sueldos y salarios por pagar ', 320, 313),
(321, '211', 'Provisión de contribuciones de seguridad social por pagar ', 321, 251),
(322, '211.01', 'Provisión de IMSS patronal por pagar ', 322, 321),
(323, '211.02', 'Provisión de SAR por pagar ', 323, 321),
(324, '211.03', 'Provisión de infonavit por pagar ', 324, 321),
(325, '212', 'Provisión de impuesto estatal sobre nómina por pagar ', 325, 251),
(326, '212.01', 'Provisión de impuesto estatal sobre nómina por pagar ', 326, 325),
(327, '213', 'Impuestos y derechos por pagar ', 327, 251),
(328, '213.01', 'IVA por pagar ', 328, 327),
(329, '213.02', 'IEPS por pagar ', 329, 327),
(330, '213.03', 'ISR por pagar ', 330, 327),
(331, '213.04', 'Impuesto estatal sobre nómina por pagar ', 331, 327),
(332, '213.05', 'Impuesto estatal y municipal por pagar ', 332, 327),
(333, '213.06', 'Derechos por pagar ', 333, 327),
(334, '213.07', 'Otros impuestos por pagar ', 334, 327),
(335, '214', 'Dividendos por pagar ', 335, 251),
(336, '214.01', 'Dividendos por pagar ', 336, 335),
(337, '215', 'PTU por pagar ', 337, 251),
(338, '215.01', 'PTU por pagar ', 338, 337),
(339, '215.02', 'PTU por pagar de ejercicios anteriores ', 339, 337),
(340, '215.03', 'Provisión de PTU por pagar ', 340, 337),
(341, '216', 'Impuestos retenidos ', 341, 251),
(342, '216.01', 'Impuestos retenidos de ISR por sueldos y salarios ', 342, 341),
(343, '216.02', 'Impuestos retenidos de ISR por asimilados a salarios ', 343, 341),
(344, '216.03', 'Impuestos retenidos de ISR por arrendamiento ', 344, 341),
(345, '216.04', 'Impuestos retenidos de ISR por servicios profesionales ', 345, 341),
(346, '216.05', 'Impuestos retenidos de ISR por dividendos', 346, 341),
(347, '216.06', 'Impuestos retenidos de ISR por intereses ', 347, 341),
(348, '216.07', 'Impuestos retenidos de ISR por pagos al extranjero ', 348, 341),
(349, '216.08', 'Impuestos retenidos de ISR por venta de acciones ', 349, 341),
(350, '216.09', 'Impuestos retenidos de ISR por venta de partes sociales ', 350, 341),
(351, '216.10', 'Impuestos retenidos de IVA ', 351, 341),
(352, '216.11', 'Retenciones de IMSS a los trabajadores ', 352, 341),
(353, '216.12', 'Otras impuestos retenidos ', 353, 341),
(354, '217', 'Pagos realizados por cuenta de terceros ', 354, 251),
(355, '217.01', 'Pagos realizados por cuenta de terceros ', 355, 354),
(356, '218', 'Otros pasivos a corto plazo ', 356, 251),
(357, '218.01', 'Otros pasivos a corto plazo ', 357, 356),
(358, '200.02', 'Pasivo a largo plazo ', 358, 250),
(359, '251', 'Acreedores diversos a largo plazo ', 359, 358),
(360, '251.01', 'Socios, accionistas o representante legal ', 360, 359),
(361, '251.02', 'Acreedores diversos a largo plazo nacional ', 361, 359),
(362, '251.03', 'Acreedores diversos a largo plazo extranjero ', 362, 359),
(363, '251.04', 'Acreedores diversos a largo plazo nacional parte relacionada ', 363, 359),
(364, '251.05', 'Acreedores diversos a largo plazo extranjero parte relacionada ', 364, 359),
(365, '251.06', 'Otros acreedores diversos a largo plazo ', 365, 359),
(366, '252', 'Cuentas por pagar a largo plazo ', 366, 358),
(367, '252.01', 'Documentos bancarios y financieros por pagar a largo plazo nacional ', 367, 366),
(368, '252.02', 'Documentos bancarios y financieros por pagar a largo plazo extranjero ', 368, 366),
(369, '252.03', 'Documentos y cuentas por pagar a largo plazo nacional ', 369, 366),
(370, '252.04', 'Documentos y cuentas por pagar a largo plazo extranjero ', 370, 366),
(371, '252.05', 'Documentos y cuentas por pagar a largo plazo nacional parte relacionada ', 371, 366),
(372, '252.06', 'Documentos y cuentas por pagar a largo plazo extranjero parte relacionada ', 372, 366),
(373, '252.07', 'Hipotecas por pagar a largo plazo nacional ', 373, 366),
(374, '252.08', 'Hipotecas por pagar a largo plazo extranjero ', 374, 366),
(375, '252.09', 'Hipotecas por pagar a largo plazo nacional parte relacionada ', 375, 366),
(376, '252.10', 'Hipotecas por pagar a largo plazo extranjero parte relacionada ', 376, 366),
(377, '252.11', 'Intereses por pagar a largo plazo nacional ', 377, 366),
(378, '252.12', 'Intereses por pagar a largo plazo extranjero ', 378, 366),
(379, '252.13', 'Intereses por pagar a largo plazo nacional parte relacionada ', 379, 366),
(380, '252.14', 'Intereses por pagar a largo plazo extranjero parte relacionada ', 380, 366),
(381, '252.15', 'Dividendos por pagar nacionales ', 381, 366),
(382, '252.16', 'Dividendos por pagar extranjeros ', 382, 366),
(383, '252.17', 'Otras cuentas y documentos por pagar a largo plazo ', 383, 366),
(384, '253', 'Cobros anticipados a largo plazo ', 384, 358),
(385, '253.01', 'Rentas cobradas por anticipado a largo plazo nacional ', 385, 384),
(386, '253.02', 'Rentas cobradas por anticipado a largo plazo extranjero ', 386, 384),
(387, '253.03', 'Rentas cobradas por anticipado a largo plazo nacional parte relacionada ', 387, 384),
(388, '253.04', 'Rentas cobradas por anticipado a largo plazo extranjero parte relacionada ', 388, 384),
(389, '253.05', 'Intereses cobrados por anticipado a largo plazo nacional ', 389, 384),
(390, '253.06', 'Intereses cobrados por anticipado a largo plazo extranjero ', 390, 384),
(391, '253.07', 'Intereses cobrados por anticipado a largo plazo nacional parte relacionada ', 391, 384),
(392, '253.08', 'Intereses cobrados por anticipado a largo plazo extranjero parte relacionada ', 392, 384),
(393, '253.09', 'Factoraje financiero cobrados por anticipado a largo plazo nacional ', 393, 384),
(394, '253.10', 'Factoraje financiero cobrados por anticipado a largo plazo extranjero ', 394, 384),
(395, '253.11', 'Factoraje financiero cobrados por anticipado a largo plazo nacional parte relacionada ', 395, 384),
(396, '253.12', 'Factoraje financiero cobrados por anticipado a largo plazo extranjero parte relacionada ', 396, 384),
(397, '253.13', 'Arrendamiento financiero cobrados por anticipado a largo plazo nacional', 397, 384),
(398, '253.14', 'Arrendamiento financiero cobrados por anticipado a largo plazo extranjero ', 398, 384),
(399, '253.15', 'Arrendamiento financiero cobrados por anticipado a largo plazo nacional parte relacionada ', 399, 384),
(400, '253.16', 'Arrendamiento financiero cobrados por anticipado a largo plazo extranjero parte relacionada ', 400, 384),
(401, '253.17', 'Derechos fiduciarios ', 401, 384),
(402, '253.18', 'Otros cobros anticipados ', 402, 384),
(403, '254', 'Instrumentos financieros a largo plazo ', 403, 358),
(404, '254.01', 'Instrumentos financieros a largo plazo ', 404, 403),
(405, '255', 'Pasivos por beneficios a los empleados a largo plazo ', 405, 358),
(406, '255.01', 'Pasivos por beneficios a los empleados a largo plazo ', 406, 405),
(407, '256', 'Otros pasivos a largo plazo ', 407, 358),
(408, '256.01', 'Otros pasivos a largo plazo ', 408, 407),
(409, '257', 'Participación de los trabajadores en las utilidades diferida ', 409, 358),
(410, '257.01', 'Participación de los trabajadores en las utilidades diferida ', 410, 409),
(411, '258', 'Obligaciones contraídas de fideicomisos ', 411, 358),
(412, '258.01', 'Obligaciones contraídas de fideicomisos ', 412, 411),
(413, '259', 'Impuestos diferidos ', 413, 358),
(414, '259.01', 'ISR diferido ', 414, 413),
(415, '259.02', 'ISR por dividendo diferido ', 415, 413),
(416, '259.03', 'Otros impuestos diferidos ', 416, 413),
(417, '260', 'Pasivos diferidos ', 417, 358),
(418, '260.01', 'Pasivos diferidos ', 418, 417),
(419, '300', 'Capital contable ', 419, 0),
(420, '301', 'Capital social', 420, 419),
(421, '301.01', 'Capital fijo', 421, 420),
(422, '301.02', 'Capital variable ', 422, 420),
(423, '301.03', 'Aportaciones para futuros aumentos de capital ', 423, 420),
(424, '301.04', 'Prima en suscripción de acciones ', 424, 420),
(425, '301.05', 'Prima en suscripción de partes sociales ', 425, 420),
(426, '302', 'Patrimonio', 426, 419),
(427, '302.01', 'Patrimonio ', 427, 426),
(428, '302.02', 'Aportación patrimonial ', 428, 426),
(429, '302.03', 'Déficit o remanente del ejercicio', 429, 426),
(430, '303', 'Reserva legal', 430, 419),
(431, '303.01', 'Reserva legal ', 431, 430),
(432, '304', 'Resultado de ejercicios anteriores', 432, 419),
(433, '304.01', 'Utilidad de ejercicios anteriores ', 433, 432),
(434, '304.02', 'Pérdida de ejercicios anteriores ', 434, 432),
(435, '304.03', 'Resultado integral de ejercicios anteriores ', 435, 432),
(436, '304.04', 'Déficit o remanente de ejercicio anteriores ', 436, 432),
(437, '305', 'Resultado del ejercicio', 437, 419),
(438, '305.01', 'Utilidad del ejercicio', 438, 437),
(439, '305.02', 'Pérdida del ejercicio ', 439, 437),
(440, '305.03', 'Resultado integral ', 440, 437),
(441, '306', 'Otras cuentas de capital', 441, 419),
(442, '306.01', 'Otras cuentas de capital ', 442, 441),
(443, '400', 'Ingresos ', 443, 0),
(444, '401', 'Ingresos ', 444, 443),
(445, '401.01', 'Ventas y/o servicios gravados a la tasa general ', 445, 444),
(446, '401.02', 'Ventas y/o servicios gravados a la tasa general de contado ', 446, 444),
(447, '401.03', 'Ventas y/o servicios gravados a la tasa general a crédito ', 447, 444),
(448, '401.04', 'Ventas y/o servicios gravados al 0%', 448, 444),
(449, '401.05', 'Ventas y/o servicios gravados al 0% de contado ', 449, 444),
(450, '401.06', 'Ventas y/o servicios gravados al 0% a crédito ', 450, 444),
(451, '401.07', 'Ventas y/o servicios exentos ', 451, 444),
(452, '401.08', 'Ventas y/o servicios exentos de contado ', 452, 444),
(453, '401.09', 'Ventas y/o servicios exentos a crédito ', 453, 444),
(454, '401.10', 'Ventas y/o servicios gravados a la tasa general nacionales partes relacionadas ', 454, 444),
(455, '401.11', 'Ventas y/o servicios gravados a la tasa general extranjeros partes relacionadas ', 455, 444),
(456, '401.12', 'Ventas y/o servicios gravados al 0% nacionales partes relacionadas ', 456, 444),
(457, '401.13', 'Ventas y/o servicios gravados al 0% extranjeros partes relacionadas ', 457, 444),
(458, '401.14', 'Ventas y/o servicios exentos nacionales partes relacionadas ', 458, 444),
(459, '401.15', 'Ventas y/o servicios exentos extranjeros partes relacionadas ', 459, 444),
(460, '401.16', 'Ingresos por servicios administrativos ', 460, 444),
(461, '401.17', 'Ingresos por servicios administrativos nacionales partes relacionadas ', 461, 444),
(462, '401.18', 'Ingresos por servicios administrativos extranjeros partes relacionadas ', 462, 444),
(463, '401.19', 'Ingresos por servicios profesionales ', 463, 444),
(464, '401.20', 'Ingresos por servicios profesionales nacionales partes relacionadas ', 464, 444),
(465, '401.21', 'Ingresos por servicios profesionales extranjeros partes relacionadas ', 465, 444),
(466, '401.22', 'Ingresos por arrendamiento ', 466, 444),
(467, '401.23', 'Ingresos por arrendamiento nacionales partes relacionadas ', 467, 444),
(468, '401.24', 'Ingresos por arrendamiento extranjeros partes relacionadas ', 468, 444),
(469, '401.25', 'Ingresos por exportación ', 469, 444),
(470, '401.26', 'Ingresos por comisiones ', 470, 444),
(471, '401.27', 'Ingresos por maquila ', 471, 444),
(472, '401.28', 'Ingresos por coordinados ', 472, 444),
(473, '401.29', 'Ingresos por regalías ', 473, 444),
(474, '401.30', 'Ingresos por asistencia técnica ', 474, 444),
(475, '401.31', 'Ingresos por donativos ', 475, 444),
(476, '401.32', 'Ingresos por intereses (actividad propia) ', 476, 444),
(477, '401.33', 'Ingresos de copropiedad ', 477, 444),
(478, '401.34', 'Ingresos por fideicomisos ', 478, 444),
(479, '401.35', 'Ingresos por factoraje financiero ', 479, 444),
(480, '401.36', 'Ingresos por arrendamiento financiero ', 480, 444),
(481, '401.37', 'Ingresos de extranjeros con establecimiento en el país ', 481, 444),
(482, '401.38', 'Otros ingresos propios ', 482, 444),
(483, '402', 'Devoluciones, descuentos o bonificaciones sobre ingresos ', 483, 443),
(484, '402.01', 'Devoluciones, descuentos o bonificaciones sobre ventas y/o servicios a la tasa general ', 484, 483),
(485, '402.02', 'Devoluciones, descuentos o bonificaciones sobre ventas y/o servicios al 0% ', 485, 483),
(486, '402.03', 'Devoluciones, descuentos o bonificaciones sobre ventas y/o servicios exentos ', 486, 483),
(487, '402.04', 'Devoluciones, descuentos o bonificaciones de otros ingresos ', 487, 483),
(488, '403', 'Otros ingresos ', 488, 443),
(489, '403.01', 'Otros Ingresos ', 489, 488),
(490, '403.02', 'Otros ingresos nacionales parte relacionada ', 490, 488),
(491, '403.03', 'Otros ingresos extranjeros parte relacionada ', 491, 488),
(492, '403.04', 'Ingresos por operaciones discontinuas ', 492, 488),
(493, '403.05', 'Ingresos por condonación de adeudo', 493, 488),
(494, '501', 'Costo de venta y/o servicio ', 494, 0),
(495, '501.01', 'Costo de venta ', 495, 494),
(496, '501.02', 'Costo de servicios (Mano de obra) ', 496, 494),
(497, '501.03', 'Materia prima directa utilizada para la producción ', 497, 494),
(498, '501.04', 'Materia prima consumida en el proceso productivo', 498, 494),
(499, '501.05', 'Mano de obra directa consumida ', 499, 494),
(500, '501.06', 'Mano de obra directa ', 500, 494),
(501, '501.07', 'Cargos indirectos de producción ', 501, 494),
(502, '501.08', 'Otros conceptos de costo ', 502, 494),
(503, '502', 'Compras ', 503, 0),
(504, '502.01', 'Compras nacionales ', 504, 503),
(505, '502.02', 'Compras nacionales parte relacionada ', 505, 503),
(506, '502.03', 'Compras de Importación ', 506, 503),
(507, '502.04', 'Compras de Importación partes relacionadas ', 507, 503),
(508, '503', 'Devoluciones, descuentos o bonificaciones sobre compras ', 508, 0),
(509, '503.01', 'Devoluciones, descuentos o bonificaciones sobre compras ', 509, 508),
(510, '504', 'Otras cuentas de costos ', 510, 0),
(511, '504.01', 'Gastos indirectos de fabricación ', 511, 510),
(512, '504.02', 'Gastos indirectos de fabricación de partes relacionadas nacionales ', 512, 510),
(513, '504.03', 'Gastos indirectos de fabricación de partes relacionadas extranjeras ', 513, 510),
(514, '504.04', 'Otras cuentas de costos incurridos ', 514, 510),
(515, '504.05', 'Otras cuentas de costos incurridos con partes relacionadas nacionales ', 515, 510),
(516, '504.06', 'Otras cuentas de costos incurridos con partes relacionadas extranjeras ', 516, 510),
(517, '504.07', 'Depreciación de edificios ', 517, 510),
(518, '504.08', 'Depreciación de maquinaria y equipo ', 518, 510),
(519, '504.09', 'Depreciación de automóviles, autobuses, camiones de carga, tractocamiones, montacargas y remolques ', 519, 510),
(520, '504.10', 'Depreciación de mobiliario y equipo de oficina ', 520, 510),
(521, '504.11', 'Depreciación de equipo de cómputo ', 521, 510),
(522, '504.12', 'Depreciación de equipo de comunicación ', 522, 510),
(523, '504.13', 'Depreciación de activos biológicos, vegetales y semovientes ', 523, 510),
(524, '504.14', 'Depreciación de otros activos fijos ', 524, 510),
(525, '504.15', 'Depreciación de ferrocarriles ', 525, 510),
(526, '504.16', 'Depreciación de embarcaciones ', 526, 510),
(527, '504.17', 'Depreciación de aviones ', 527, 510),
(528, '504.18', 'Depreciación de troqueles, moldes, matrices y herramental ', 528, 510),
(529, '504.19', 'Depreciación de equipo de comunicaciones telefónicas ', 529, 510),
(530, '504.20', 'Depreciación de equipo de comunicación satelital ', 530, 510),
(531, '504.21', 'Depreciación de equipo de adaptaciones para personas con capacidades diferentes ', 531, 510),
(532, '504.22', 'Depreciación de maquinaria y equipo de generación de energía de fuentes renovables o de sistemas de cogeneración de electricidad eficiente ', 532, 510),
(533, '504.23', 'Depreciación de adaptaciones y mejoras ', 533, 510),
(534, '504.24', 'Depreciación de otra maquinaria y equipo ', 534, 510),
(535, '504.25', 'Otras cuentas de costos ', 535, 510),
(536, '505', 'Costo de activo fijo ', 536, 0),
(537, '505.01', 'Costo por venta de activo fijo ', 537, 536),
(538, '505.02', 'Costo por baja de activo fijo ', 538, 536),
(539, '600', 'Gastos ', 539, 0),
(540, '601', 'Gastos generales ', 540, 539),
(541, '601.01', 'Sueldos y salarios ', 541, 540),
(542, '601.02', 'Compensaciones ', 542, 540),
(543, '601.03', 'Tiempos extras ', 543, 540),
(544, '601.04', 'Premios de asistencia ', 544, 540),
(545, '601.05', 'Premios de puntualidad ', 545, 540),
(546, '601.06', 'Vacaciones ', 546, 540),
(547, '601.07', 'Prima vacacional', 547, 540),
(548, '601.08', 'Prima dominical ', 548, 540),
(549, '601.09', 'Días festivos ', 549, 540),
(550, '601.10', 'Gratificaciones ', 550, 540),
(551, '601.11', 'Primas de antigüedad ', 551, 540),
(552, '601.12', 'Aguinaldo ', 552, 540),
(553, '601.13', 'Indemnizaciones ', 553, 540),
(554, '601.14', 'Destajo ', 554, 540),
(555, '601.15', 'Despensa ', 555, 540),
(556, '601.16', 'Transporte ', 556, 540),
(557, '601.17', 'Servicio médico ', 557, 540),
(558, '601.18', 'Ayuda en gastos funerarios ', 558, 540),
(559, '601.19', 'Fondo de ahorro ', 559, 540),
(560, '601.20', 'Cuotas sindicales ', 560, 540),
(561, '601.21', 'PTU ', 561, 540),
(562, '601.22', 'Estímulo al personal ', 562, 540),
(563, '601.23', 'Previsión social ', 563, 540),
(564, '601.24', 'Aportaciones para el plan de jubilación ', 564, 540),
(565, '601.25', 'Otras prestaciones al personal ', 565, 540),
(566, '601.26', 'Cuotas al IMSS ', 566, 540),
(567, '601.27', 'Aportaciones al infonavit ', 567, 540),
(568, '601.28', 'Aportaciones al SAR ', 568, 540),
(569, '601.29', 'Impuesto estatal sobre nóminas ', 569, 540),
(570, '601.30', 'Otras aportaciones ', 570, 540),
(571, '601.31', 'Asimilados a salarios ', 571, 540),
(572, '601.32', 'Servicios administrativos ', 572, 540),
(573, '601.33', 'Servicios administrativos partes relacionadas ', 573, 540),
(574, '601.34', 'Honorarios a personas físicas residentes nacionales ', 574, 540),
(575, '601.35', 'Honorarios a personas físicas residentes nacionales partes relacionadas ', 575, 540),
(576, '601.36', 'Honorarios a personas físicas residentes del extranjero ', 576, 540),
(577, '601.37', 'Honorarios a personas físicas residentes del extranjero partes relacionadas ', 577, 540),
(578, '601.38', 'Honorarios a personas morales residentes nacionales ', 578, 540),
(579, '601.39', 'Honorarios a personas morales residentes nacionales partes relacionadas ', 579, 540),
(580, '601.40', 'Honorarios a personas morales residentes del extranjero ', 580, 540),
(581, '601.41', 'Honorarios a personas morales residentes del extranjero partes relacionadas ', 581, 540),
(582, '601.42', 'Honorarios aduanales personas físicas ', 582, 540),
(583, '601.43', 'Honorarios aduanales personas morales ', 583, 540),
(584, '601.44', 'Honorarios al consejo de administración ', 584, 540),
(585, '601.45', 'Arrendamiento a personas físicas residentes nacionales ', 585, 540),
(586, '601.46', 'Arrendamiento a personas morales residentes nacionales ', 586, 540),
(587, '601.47', 'Arrendamiento a residentes del extranjero ', 587, 540),
(588, '601.48', 'Combustibles y lubricantes ', 588, 540),
(589, '601.49', 'Viáticos y gastos de viaje ', 589, 540),
(590, '601.50', 'Teléfono, internet ', 590, 540),
(591, '601.51', 'Agua ', 591, 540),
(592, '601.52', 'Energía eléctrica ', 592, 540),
(593, '601.53', 'Vigilancia y seguridad ', 593, 540),
(594, '601.54', 'Limpieza ', 594, 540),
(595, '601.55', 'Papelería y artículos de oficina ', 595, 540),
(596, '601.56', 'Mantenimiento y conservación ', 596, 540),
(597, '601.57', 'Seguros y fianzas ', 597, 540),
(598, '601.58', 'Otros impuestos y derechos', 598, 540),
(599, '601.59', 'Recargos fiscales ', 599, 540),
(600, '601.60', 'Cuotas y suscripciones ', 600, 540),
(601, '601.61', 'Propaganda y publicidad ', 601, 540),
(602, '601.62', 'Capacitación al personal ', 602, 540),
(603, '601.63', 'Donativos y ayudas ', 603, 540),
(604, '601.64', 'Asistencia técnica ', 604, 540),
(605, '601.65', 'Regalías sujetas a otros porcentajes ', 605, 540),
(606, '601.66', 'Regalías sujetas al 5%', 606, 540),
(607, '601.67', 'Regalías sujetas al 10%', 607, 540),
(608, '601.68', 'Regalías sujetas al 15%', 608, 540),
(609, '601.69', 'Regalías sujetas al 25%', 609, 540),
(610, '601.70', 'Regalías sujetas al 30%', 610, 540),
(611, '601.71', 'Regalías sin retención ', 611, 540),
(612, '601.72', 'Fletes y acarreos ', 612, 540),
(613, '601.73', 'Gastos de importación ', 613, 540),
(614, '601.74', 'Comisiones sobre ventas ', 614, 540),
(615, '601.75', 'Comisiones por tarjetas de crédito ', 615, 540),
(616, '601.76', 'Patentes y marcas ', 616, 540),
(617, '601.77', 'Uniformes ', 617, 540),
(618, '601.78', 'Prediales ', 618, 540),
(619, '601.79', 'Gastos generales de urbanización ', 619, 540),
(620, '601.80', 'Gastos generales de construcción ', 620, 540),
(621, '601.81', 'Fletes del extranjero ', 621, 540),
(622, '601.82', 'Recolección de bienes del sector agropecuario y/o ganadero ', 622, 540),
(623, '601.83', 'Gastos no deducibles (sin requisitos fiscales) ', 623, 540),
(624, '601.84', 'Otros gastos generales ', 624, 540),
(625, '602', 'Gastos de venta ', 625, 539),
(626, '602.01', 'Sueldos y salarios ', 626, 625),
(627, '602.02', 'Compensaciones ', 627, 625),
(628, '602.03', 'Tiempos extras ', 628, 625),
(629, '602.04', 'Premios de asistencia ', 629, 625),
(630, '602.05', 'Premios de puntualidad ', 630, 625),
(631, '602.06', 'Vacaciones ', 631, 625),
(632, '602.07', 'Prima vacacional ', 632, 625),
(633, '602.08', 'Prima dominical ', 633, 625),
(634, '602.09', 'Días festivos ', 634, 625),
(635, '602.10', 'Gratificaciones ', 635, 625),
(636, '602.11', 'Primas de antigüedad ', 636, 625),
(637, '602.12', 'Aguinaldo ', 637, 625),
(638, '602.13', 'Indemnizaciones ', 638, 625),
(639, '602.14', 'Destajo ', 639, 625),
(640, '602.15', 'Despensa ', 640, 625),
(641, '602.16', 'Transporte ', 641, 625),
(642, '602.17', 'Servicio médico ', 642, 625),
(643, '602.18', 'Ayuda en gastos funerarios ', 643, 625),
(644, '602.19', 'Fondo de ahorro ', 644, 625),
(645, '602.20', 'Cuotas sindicales ', 645, 625),
(646, '602.21', 'PTU ', 646, 625),
(647, '602.22', 'Estímulo al personal ', 647, 625),
(648, '602.23', 'Previsión social ', 648, 625),
(649, '602.24', 'Aportaciones para el plan de jubilación', 649, 625),
(650, '602.25', 'Otras prestaciones al personal ', 650, 625),
(651, '602.26', 'Cuotas al IMSS ', 651, 625),
(652, '602.27', 'Aportaciones al infonavit ', 652, 625),
(653, '602.28', 'Aportaciones al SAR ', 653, 625),
(654, '602.29', 'Impuesto estatal sobre nóminas ', 654, 625),
(655, '602.30', 'Otras aportaciones ', 655, 625),
(656, '602.31', 'Asimilados a salarios ', 656, 625),
(657, '602.32', 'Servicios administrativos ', 657, 625),
(658, '602.33', 'Servicios administrativos partes relacionadas ', 658, 625),
(659, '602.34', 'Honorarios a personas físicas residentes nacionales ', 659, 625),
(660, '602.35', 'Honorarios a personas físicas residentes nacionales partes relacionadas ', 660, 625),
(661, '602.36', 'Honorarios a personas físicas residentes del extranjero ', 661, 625),
(662, '602.37', 'Honorarios a personas físicas residentes del extranjero partes relacionadas ', 662, 625),
(663, '602.38', 'Honorarios a personas morales residentes nacionales ', 663, 625),
(664, '602.39', 'Honorarios a personas morales residentes nacionales partes relacionadas ', 664, 625),
(665, '602.40', 'Honorarios a personas morales residentes del extranjero ', 665, 625),
(666, '602.41', 'Honorarios a personas morales residentes del extranjero partes relacionadas ', 666, 625),
(667, '602.42', 'Honorarios aduanales personas físicas ', 667, 625),
(668, '602.43', 'Honorarios aduanales personas morales ', 668, 625),
(669, '602.44', 'Honorarios al consejo de administración ', 669, 625),
(670, '602.45', 'Arrendamiento a personas físicas residentes nacionales ', 670, 625),
(671, '602.46', 'Arrendamiento a personas morales residentes nacionales ', 671, 625),
(672, '602.47', 'Arrendamiento a residentes del extranjero ', 672, 625),
(673, '602.48', 'Combustibles y lubricantes ', 673, 625),
(674, '602.49', 'Viáticos y gastos de viaje ', 674, 625),
(675, '602.50', 'Teléfono, internet ', 675, 625),
(676, '602.51', 'Agua ', 676, 625),
(677, '602.52', 'Energía eléctrica ', 677, 625),
(678, '602.53', 'Vigilancia y seguridad ', 678, 625),
(679, '602.54', 'Limpieza ', 679, 625),
(680, '602.55', 'Papelería y artículos de oficina ', 680, 625),
(681, '602.56', 'Mantenimiento y conservación ', 681, 625),
(682, '602.57', 'Seguros y fianzas ', 682, 625),
(683, '602.58', 'Otros impuestos y derechos ', 683, 625),
(684, '602.59', 'Recargos fiscales ', 684, 625),
(685, '602.60', 'Cuotas y suscripciones ', 685, 625),
(686, '602.61', 'Propaganda y publicidad ', 686, 625),
(687, '602.62', 'Capacitación al personal ', 687, 625),
(688, '602.63', 'Donativos y ayudas ', 688, 625),
(689, '602.64', 'Asistencia técnica ', 689, 625),
(690, '602.65', 'Regalías sujetas a otros porcentajes ', 690, 625),
(691, '602.66', 'Regalías sujetas al 5%', 691, 625),
(692, '602.67', 'Regalías sujetas al 10%', 692, 625),
(693, '602.68', 'Regalías sujetas al 15%', 693, 625),
(694, '602.69', 'Regalías sujetas al 25%', 694, 625),
(695, '602.70', 'Regalías sujetas al 30%', 695, 625),
(696, '602.71', 'Regalías sin retención ', 696, 625),
(697, '602.72', 'Fletes y acarreos ', 697, 625),
(698, '602.73', 'Gastos de importación ', 698, 625),
(699, '602.74', 'Comisiones sobre ventas ', 699, 625),
(700, '602.75', 'Comisiones por tarjetas de crédito', 700, 625),
(701, '602.76', 'Patentes y marcas ', 701, 625),
(702, '602.77', 'Uniformes ', 702, 625),
(703, '602.78', 'Prediales ', 703, 625),
(704, '602.79', 'Gastos de venta de urbanización ', 704, 625),
(705, '602.80', 'Gastos de venta de construcción ', 705, 625),
(706, '602.81', 'Fletes del extranjero ', 706, 625),
(707, '602.82', 'Recolección de bienes del sector agropecuario y/o ganadero ', 707, 625),
(708, '602.83', 'Gastos no deducibles (sin requisitos fiscales) ', 708, 625),
(709, '602.84', 'Otros gastos de venta ', 709, 625),
(710, '603', 'Gastos de administración ', 710, 539),
(711, '603.01', 'Sueldos y salarios ', 711, 710),
(712, '603.02', 'Compensaciones ', 712, 710),
(713, '603.03', 'Tiempos extras ', 713, 710),
(714, '603.04', 'Premios de asistencia ', 714, 710),
(715, '603.05', 'Premios de puntualidad ', 715, 710),
(716, '603.06', 'Vacaciones ', 716, 710),
(717, '603.07', 'Prima vacacional ', 717, 710),
(718, '603.08', 'Prima dominical ', 718, 710),
(719, '603.09', 'Días festivos ', 719, 710),
(720, '603.10', 'Gratificaciones ', 720, 710),
(721, '603.11', 'Primas de antigüedad ', 721, 710),
(722, '603.12', 'Aguinaldo ', 722, 710),
(723, '603.13', 'Indemnizaciones ', 723, 710),
(724, '603.14', 'Destajo ', 724, 710),
(725, '603.15', 'Despensa ', 725, 710),
(726, '603.16', 'Transporte ', 726, 710),
(727, '603.17', 'Servicio médico ', 727, 710),
(728, '603.18', 'Ayuda en gastos funerarios ', 728, 710),
(729, '603.19', 'Fondo de ahorro ', 729, 710),
(730, '603.20', 'Cuotas sindicales ', 730, 710),
(731, '603.21', 'PTU ', 731, 710),
(732, '603.22', 'Estímulo al personal ', 732, 710),
(733, '603.23', 'Previsión social ', 733, 710),
(734, '603.24', 'Aportaciones para el plan de jubilación ', 734, 710),
(735, '603.25', 'Otras prestaciones al personal ', 735, 710),
(736, '603.26', 'Cuotas al IMSS ', 736, 710),
(737, '603.27', 'Aportaciones al infonavit ', 737, 710),
(738, '603.28', 'Aportaciones al SAR ', 738, 710),
(739, '603.29', 'Impuesto estatal sobre nóminas ', 739, 710),
(740, '603.30', 'Otras aportaciones ', 740, 710),
(741, '603.31', 'Asimilados a salarios ', 741, 710),
(742, '603.32', 'Servicios administrativos ', 742, 710),
(743, '603.33', 'Servicios administrativos partes relacionadas ', 743, 710),
(744, '603.34', 'Honorarios a personas físicas residentes nacionales ', 744, 710),
(745, '603.35', 'Honorarios a personas físicas residentes nacionales partes relacionadas ', 745, 710),
(746, '603.36', 'Honorarios a personas físicas residentes del extranjero ', 746, 710),
(747, '603.37', 'Honorarios a personas físicas residentes del extranjero partes relacionadas ', 747, 710),
(748, '603.38', 'Honorarios a personas morales residentes nacionales ', 748, 710),
(749, '603.39', 'Honorarios a personas morales residentes nacionales partes relacionadas ', 749, 710),
(750, '603.40', 'Honorarios a personas morales residentes del extranjero ', 750, 710),
(751, '603.41', 'Honorarios a personas morales residentes del extranjero partes relacionadas', 751, 710),
(752, '603.42', 'Honorarios aduanales personas físicas ', 752, 710),
(753, '603.43', 'Honorarios aduanales personas morales ', 753, 710),
(754, '603.44', 'Honorarios al consejo de administración ', 754, 710),
(755, '603.45', 'Arrendamiento a personas físicas residentes nacionales ', 755, 710),
(756, '603.46', 'Arrendamiento a personas morales residentes nacionales ', 756, 710),
(757, '603.47', 'Arrendamiento a residentes del extranjero ', 757, 710),
(758, '603.48', 'Combustibles y lubricantes ', 758, 710),
(759, '603.49', 'Viáticos y gastos de viaje ', 759, 710),
(760, '603.50', 'Teléfono, internet ', 760, 710),
(761, '603.51', 'Agua ', 761, 710),
(762, '603.52', 'Energía eléctrica ', 762, 710),
(763, '603.53', 'Vigilancia y seguridad ', 763, 710),
(764, '603.54', 'Limpieza ', 764, 710),
(765, '603.55', 'Papelería y artículos de oficina ', 765, 710),
(766, '603.56', 'Mantenimiento y conservación ', 766, 710),
(767, '603.57', 'Seguros y fianzas ', 767, 710),
(768, '603.58', 'Otros impuestos y derechos ', 768, 710),
(769, '603.59', 'Recargos fiscales ', 769, 710),
(770, '603.60', 'Cuotas y suscripciones ', 770, 710),
(771, '603.61', 'Propaganda y publicidad ', 771, 710),
(772, '603.62', 'Capacitación al personal ', 772, 710),
(773, '603.63', 'Donativos y ayudas ', 773, 710),
(774, '603.64', 'Asistencia técnica ', 774, 710),
(775, '603.65', 'Regalías sujetas a otros porcentajes ', 775, 710),
(776, '603.66', 'Regalías sujetas al 5%', 776, 710),
(777, '603.67', 'Regalías sujetas al 10%', 777, 710),
(778, '603.68', 'Regalías sujetas al 15%', 778, 710),
(779, '603.69', 'Regalías sujetas al 25%', 779, 710),
(780, '603.70', 'Regalías sujetas al 30%', 780, 710),
(781, '603.71', 'Regalías sin retención ', 781, 710),
(782, '603.72', 'Fletes y acarreos ', 782, 710),
(783, '603.73', 'Gastos de importación ', 783, 710),
(784, '603.74', 'Patentes y marcas ', 784, 710),
(785, '603.75', 'Uniformes ', 785, 710),
(786, '603.76', 'Prediales ', 786, 710),
(787, '603.77', 'Gastos de administración de urbanización ', 787, 710),
(788, '603.78', 'Gastos de administración de construcción ', 788, 710),
(789, '603.79', 'Fletes del extranjero ', 789, 710),
(790, '603.80', 'Recolección de bienes del sector agropecuario y/o ganadero ', 790, 710),
(791, '603.81', 'Gastos no deducibles (sin requisitos fiscales) ', 791, 710),
(792, '603.82', 'Otros gastos de administración ', 792, 710),
(793, '604', 'Gastos de fabricación ', 793, 539),
(794, '604.01', 'Sueldos y salarios ', 794, 793),
(795, '604.02', 'Compensaciones ', 795, 793),
(796, '604.03', 'Tiempos extras ', 796, 793),
(797, '604.04', 'Premios de asistencia ', 797, 793),
(798, '604.05', 'Premios de puntualidad ', 798, 793),
(799, '604.06', 'Vacaciones ', 799, 793),
(800, '604.07', 'Prima vacacional ', 800, 793),
(801, '604.08', 'Prima dominical ', 801, 793),
(802, '604.09', 'Días festivos', 802, 793),
(803, '604.10', 'Gratificaciones ', 803, 793),
(804, '604.11', 'Primas de antigüedad ', 804, 793),
(805, '604.12', 'Aguinaldo ', 805, 793),
(806, '604.13', 'Indemnizaciones ', 806, 793),
(807, '604.14', 'Destajo ', 807, 793),
(808, '604.15', 'Despensa ', 808, 793),
(809, '604.16', 'Transporte ', 809, 793),
(810, '604.17', 'Servicio médico ', 810, 793),
(811, '604.18', 'Ayuda en gastos funerarios ', 811, 793),
(812, '604.19', 'Fondo de ahorro ', 812, 793),
(813, '604.20', 'Cuotas sindicales ', 813, 793),
(814, '604.21', 'PTU ', 814, 793),
(815, '604.22', 'Estímulo al personal ', 815, 793),
(816, '604.23', 'Previsión social ', 816, 793),
(817, '604.24', 'Aportaciones para el plan de jubilación ', 817, 793),
(818, '604.25', 'Otras prestaciones al personal ', 818, 793),
(819, '604.26', 'Cuotas al IMSS ', 819, 793),
(820, '604.27', 'Aportaciones al infonavit ', 820, 793),
(821, '604.28', 'Aportaciones al SAR ', 821, 793),
(822, '604.29', 'Impuesto estatal sobre nóminas ', 822, 793),
(823, '604.30', 'Otras aportaciones ', 823, 793),
(824, '604.31', 'Asimilados a salarios ', 824, 793),
(825, '604.32', 'Servicios administrativos ', 825, 793),
(826, '604.33', 'Servicios administrativos partes relacionadas ', 826, 793),
(827, '604.34', 'Honorarios a personas físicas residentes nacionales ', 827, 793),
(828, '604.35', 'Honorarios a personas físicas residentes nacionales partes relacionadas ', 828, 793),
(829, '604.36', 'Honorarios a personas físicas residentes del extranjero ', 829, 793),
(830, '604.37', 'Honorarios a personas físicas residentes del extranjero partes relacionadas ', 830, 793),
(831, '604.38', 'Honorarios a personas morales residentes nacionales ', 831, 793),
(832, '604.39', 'Honorarios a personas morales residentes nacionales partes relacionadas ', 832, 793),
(833, '604.40', 'Honorarios a personas morales residentes del extranjero ', 833, 793),
(834, '604.41', 'Honorarios a personas morales residentes del extranjero partes relacionadas ', 834, 793),
(835, '604.42', 'Honorarios aduanales personas físicas ', 835, 793),
(836, '604.43', 'Honorarios aduanales personas morales ', 836, 793),
(837, '604.44', 'Honorarios al consejo de administración ', 837, 793),
(838, '604.45', 'Arrendamiento a personas físicas residentes nacionales ', 838, 793),
(839, '604.46', 'Arrendamiento a personas morales residentes nacionales ', 839, 793),
(840, '604.47', 'Arrendamiento a residentes del extranjero ', 840, 793),
(841, '604.48', 'Combustibles y lubricantes ', 841, 793),
(842, '604.49', 'Viáticos y gastos de viaje ', 842, 793),
(843, '604.50', 'Teléfono, internet ', 843, 793),
(844, '604.51', 'Agua ', 844, 793),
(845, '604.52', 'Energía eléctrica ', 845, 793),
(846, '604.53', 'Vigilancia y seguridad ', 846, 793),
(847, '604.54', 'Limpieza ', 847, 793),
(848, '604.55', 'Papelería y artículos de oficina ', 848, 793),
(849, '604.56', 'Mantenimiento y conservación ', 849, 793),
(850, '604.57', 'Seguros y fianzas ', 850, 793),
(851, '604.58', 'Otros impuestos y derechos ', 851, 793),
(852, '604.59', 'Recargos fiscales ', 852, 793),
(853, '604.60', 'Cuotas y suscripciones', 853, 793),
(854, '604.61', 'Propaganda y publicidad ', 854, 793),
(855, '604.62', 'Capacitación al personal ', 855, 793),
(856, '604.63', 'Donativos y ayudas ', 856, 793),
(857, '604.64', 'Asistencia técnica ', 857, 793),
(858, '604.65', 'Regalías sujetas a otros porcentajes ', 858, 793),
(859, '604.66', 'Regalías sujetas al 5%', 859, 793),
(860, '604.67', 'Regalías sujetas al 10%', 860, 793),
(861, '604.68', 'Regalías sujetas al 15%', 861, 793),
(862, '604.69', 'Regalías sujetas al 25%', 862, 793),
(863, '604.70', 'Regalías sujetas al 30%', 863, 793),
(864, '604.71', 'Regalías sin retención ', 864, 793),
(865, '604.72', 'Fletes y acarreos ', 865, 793),
(866, '604.73', 'Gastos de importación ', 866, 793),
(867, '604.74', 'Patentes y marcas ', 867, 793),
(868, '604.75', 'Uniformes ', 868, 793),
(869, '604.76', 'Prediales ', 869, 793),
(870, '604.77', 'Gastos de fabricación de urbanización ', 870, 793),
(871, '604.78', 'Gastos de fabricación de construcción ', 871, 793),
(872, '604.79', 'Fletes del extranjero ', 872, 793),
(873, '604.80', 'Recolección de bienes del sector agropecuario y/o ganadero ', 873, 793),
(874, '604.81', 'Gastos no deducibles (sin requisitos fiscales) ', 874, 793),
(875, '604.82', 'Otros gastos de fabricación ', 875, 793),
(876, '605', 'Mano de obra directa ', 876, 539),
(877, '605.01', 'Mano de obra ', 877, 876),
(878, '605.02', 'Sueldos y Salarios ', 878, 876),
(879, '605.03', 'Compensaciones ', 879, 876),
(880, '605.04', 'Tiempos extras ', 880, 876),
(881, '605.05', 'Premios de asistencia ', 881, 876),
(882, '605.06', 'Premios de puntualidad ', 882, 876),
(883, '605.07', 'Vacaciones ', 883, 876),
(884, '605.08', 'Prima vacacional ', 884, 876),
(885, '605.09', 'Prima dominical ', 885, 876),
(886, '605.10', 'Días festivos ', 886, 876),
(887, '605.11', 'Gratificaciones ', 887, 876),
(888, '605.12', 'Primas de antigüedad ', 888, 876),
(889, '605.13', 'Aguinaldo ', 889, 876),
(890, '605.14', 'Indemnizaciones ', 890, 876),
(891, '605.15', 'Destajo ', 891, 876),
(892, '605.16', 'Despensa ', 892, 876),
(893, '605.17', 'Transporte ', 893, 876),
(894, '605.18', 'Servicio médico ', 894, 876),
(895, '605.19', 'Ayuda en gastos funerarios ', 895, 876),
(896, '605.20', 'Fondo de ahorro ', 896, 876),
(897, '605.21', 'Cuotas sindicales ', 897, 876),
(898, '605.22', 'PTU ', 898, 876),
(899, '605.23', 'Estímulo al personal ', 899, 876),
(900, '605.24', 'Previsión social ', 900, 876),
(901, '605.25', 'Aportaciones para el plan de jubilación ', 901, 876),
(902, '605.26', 'Otras prestaciones al personal ', 902, 876),
(903, '605.27', 'Asimilados a salarios ', 903, 876),
(904, '605.28', 'Cuotas al IMSS', 904, 876),
(905, '605.29', 'Aportaciones al infonavit ', 905, 876),
(906, '605.30', 'Aportaciones al SAR ', 906, 876),
(907, '605.31', 'Otros costos de mano de obra directa ', 907, 876),
(908, '606', 'Facilidades administrativas fiscales ', 908, 539),
(909, '606.01', 'Facilidades administrativas fiscales ', 909, 908),
(910, '607', 'Participación de los trabajadores en las utilidades ', 910, 539),
(911, '607.01', 'Participación de los trabajadores en las utilidades ', 911, 910),
(912, '608', 'Participación en resultados de subsidiarias ', 912, 539),
(913, '608.01', 'Participación en resultados de subsidiarias ', 913, 912),
(914, '609', 'Participación en resultados de asociadas ', 914, 539),
(915, '609.01', 'Participación en resultados de asociadas ', 915, 914),
(916, '610', 'Participación de los trabajadores en las utilidades diferida ', 916, 539),
(917, '610.01', 'Participación de los trabajadores en las utilidades diferida ', 917, 916),
(918, '611', 'Impuesto Sobre la renta ', 918, 539),
(919, '611.01', 'Impuesto Sobre la renta ', 919, 918),
(920, '611.02', 'Impuesto Sobre la renta por remanente distribuible ', 920, 918),
(921, '612', 'Gastos no deducibles para CUFIN ', 921, 539),
(922, '612.01', 'Gastos no deducibles para CUFIN ', 922, 921),
(923, '613', 'Depreciación contable ', 923, 539),
(924, '613.01', 'Depreciación de edificios ', 924, 923),
(925, '613.02', 'Depreciación de maquinaria y equipo ', 925, 923),
(926, '613.03', 'Depreciación de automóviles, autobuses, camiones de carga, tractocamiones, montacargas y remolques ', 926, 923),
(927, '613.04', 'Depreciación de mobiliario y equipo de oficina ', 927, 923),
(928, '613.05', 'Depreciación de equipo de cómputo ', 928, 923),
(929, '613.06', 'Depreciación de equipo de comunicación ', 929, 923),
(930, '613.07', 'Depreciación de activos biológicos, vegetales y semovientes ', 930, 923),
(931, '613.08', 'Depreciación de otros activos fijos ', 931, 923),
(932, '613.09', 'Depreciación de ferrocarriles ', 932, 923),
(933, '613.10', 'Depreciación de embarcaciones ', 933, 923),
(934, '613.11', 'Depreciación de aviones ', 934, 923),
(935, '613.12', 'Depreciación de troqueles, moldes, matrices y herramental ', 935, 923),
(936, '613.13', 'Depreciación de equipo de comunicaciones telefónicas ', 936, 923),
(937, '613.14', 'Depreciación de equipo de comunicación satelital ', 937, 923),
(938, '613.15', 'Depreciación de equipo de adaptaciones para personas con capacidades diferentes ', 938, 923),
(939, '613.16', 'Depreciación de maquinaria y equipo de generación de energía de fuentes renovables o de sistemas de cogeneración de electricidad eficiente ', 939, 923),
(940, '613.17', 'Depreciación de adaptaciones y mejoras ', 940, 923),
(941, '613.18', 'Depreciación de otra maquinaria y equipo ', 941, 923),
(942, '614', 'Amortización contable ', 942, 539),
(943, '614.01', 'Amortización de gastos diferidos ', 943, 942),
(944, '614.02', 'Amortización de gastos pre operativos ', 944, 942),
(945, '614.03', 'Amortización de regalías, asistencia técnica y otros gastos diferidos ', 945, 942),
(946, '614.04', 'Amortización de activos intangibles ', 946, 942),
(947, '614.05', 'Amortización de gastos de organización ', 947, 942),
(948, '614.06', 'Amortización de investigación y desarrollo de mercado ', 948, 942),
(949, '614.07', 'Amortización de marcas y patentes ', 949, 942),
(950, '614.08', 'Amortización de crédito mercantil ', 950, 942),
(951, '614.09', 'Amortización de gastos de instalación ', 951, 942),
(952, '614.10', 'Amortización de otros activos diferidos', 952, 942),
(953, '700', 'Resultado integral de financiamiento', 953, 0),
(954, '701', 'Gastos financieros ', 954, 953),
(955, '701.01', 'Pérdida cambiaria ', 955, 954),
(956, '701.02', 'Pérdida cambiaria nacional parte relacionada ', 956, 954),
(957, '701.03', 'Pérdida cambiaria extranjero parte relacionada ', 957, 954),
(958, '701.04', 'Intereses a cargo bancario nacional ', 958, 954),
(959, '701.05', 'Intereses a cargo bancario extranjero ', 959, 954),
(960, '701.06', 'Intereses a cargo de personas físicas nacional ', 960, 954),
(961, '701.07', 'Intereses a cargo de personas físicas extranjero ', 961, 954),
(962, '701.08', 'Intereses a cargo de personas morales nacional ', 962, 954),
(963, '701.09', 'Intereses a cargo de personas morales extranjero ', 963, 954),
(964, '701.10', 'Comisiones bancarias ', 964, 954),
(965, '701.11', 'Otros gastos financieros ', 965, 954),
(966, '702', 'Productos financieros ', 966, 953),
(967, '702.01', 'Utilidad cambiaria ', 967, 966),
(968, '702.02', 'Utilidad cambiaria nacional parte relacionada ', 968, 966),
(969, '702.03', 'Utilidad cambiaria extranjero parte relacionada ', 969, 966),
(970, '702.04', 'Intereses a favor bancarios nacional ', 970, 966),
(971, '702.05', 'Intereses a favor bancarios extranjero ', 971, 966),
(972, '702.06', 'Intereses a favor de personas físicas nacional ', 972, 966),
(973, '702.07', 'Intereses a favor de personas físicas extranjero ', 973, 966),
(974, '702.08', 'Intereses a favor de personas morales nacional ', 974, 966),
(975, '702.09', 'Intereses a favor de personas morales extranjero ', 975, 966),
(976, '702.10', 'Otros productos financieros ', 976, 966),
(977, '703', 'Otros gastos ', 977, 953),
(978, '703.01', 'Pérdida en venta y/o baja de terrenos ', 978, 977),
(979, '703.02', 'Pérdida en venta y/o baja de edificios ', 979, 977),
(980, '703.03', 'Pérdida en venta y/o baja de maquinaria y equipo ', 980, 977),
(981, '703.04', 'Pérdida en venta y/o baja de automóviles, autobuses, camiones de carga, tractocamiones, montacargas y remolques ', 981, 977),
(982, '703.05', 'Pérdida en venta y/o baja de mobiliario y equipo de oficina ', 982, 977),
(983, '703.06', 'Pérdida en venta y/o baja de equipo de cómputo ', 983, 977),
(984, '703.07', 'Pérdida en venta y/o baja de equipo de comunicación ', 984, 977),
(985, '703.08', 'Pérdida en venta y/o baja de activos biológicos, vegetales y semovientes ', 985, 977),
(986, '703.09', 'Pérdida en venta y/o baja de otros activos fijos ', 986, 977),
(987, '703.10', 'Pérdida en venta y/o baja de ferrocarriles ', 987, 977),
(988, '703.11', 'Pérdida en venta y/o baja de embarcaciones ', 988, 977),
(989, '703.12', 'Pérdida en venta y/o baja de aviones ', 989, 977),
(990, '703.13', 'Pérdida en venta y/o baja de troqueles, moldes, matrices y herramental ', 990, 977),
(991, '703.14', 'Pérdida en venta y/o baja de equipo de comunicaciones telefónicas ', 991, 977),
(992, '703.15', 'Pérdida en venta y/o baja de equipo de comunicación satelital ', 992, 977),
(993, '703.16', 'Pérdida en venta y/o baja de equipo de adaptaciones para personas con capacidades diferentes ', 993, 977),
(994, '703.17', 'Pérdida en venta y/o baja de maquinaria y equipo de generación de energía de fuentes renovables o de sistemas de cogeneración de electricidad eficiente ', 994, 977),
(995, '703.18', 'Pérdida en venta y/o baja de otra maquinaria y equipo ', 995, 977),
(996, '703.19', 'Pérdida por enajenación de acciones ', 996, 977),
(997, '703.20', 'Pérdida por enajenación de partes sociales ', 997, 977),
(998, '703.21', 'Otros gastos ', 998, 977),
(999, '704', 'Otros productos ', 999, 953),
(1000, '704.01', 'Ganancia en venta y/o baja de terrenos ', 1000, 999),
(1001, '704.02', 'Ganancia en venta y/o baja de edificios', 1001, 999),
(1002, '704.03', 'Ganancia en venta y/o baja de maquinaria y equipo ', 1002, 999),
(1003, '704.04', 'Ganancia en venta y/o baja de automóviles, autobuses, camiones de carga, tractocamiones, montacargas y remolques ', 1003, 999),
(1004, '704.05', 'Ganancia en venta y/o baja de mobiliario y equipo de oficina ', 1004, 999),
(1005, '704.06', 'Ganancia en venta y/o baja de equipo de cómputo ', 1005, 999),
(1006, '704.07', 'Ganancia en venta y/o baja de equipo de comunicación ', 1006, 999),
(1007, '704.08', 'Ganancia en venta y/o baja de activos biológicos, vegetales y semovientes ', 1007, 999),
(1008, '704.09', 'Ganancia en venta y/o baja de otros activos fijos ', 1008, 999),
(1009, '704.10', 'Ganancia en venta y/o baja de ferrocarriles ', 1009, 999),
(1010, '704.11', 'Ganancia en venta y/o baja de embarcaciones ', 1010, 999),
(1011, '704.12', 'Ganancia en venta y/o baja de aviones ', 1011, 999),
(1012, '704.13', 'Ganancia en venta y/o baja de troqueles, moldes, matrices y herramental ', 1012, 999),
(1013, '704.14', 'Ganancia en venta y/o baja de equipo de comunicaciones telefónicas ', 1013, 999),
(1014, '704.15', 'Ganancia en venta y/o baja de equipo de comunicación satelital ', 1014, 999),
(1015, '704.16', 'Ganancia en venta y/o baja de equipo de adaptaciones para personas con capacidades diferentes ', 1015, 999),
(1016, '704.17', 'Ganancia en venta de maquinaria y equipo de generación de energía de fuentes renovables o de sistemas de cogeneración de electricidad eficiente ', 1016, 999),
(1017, '704.18', 'Ganancia en venta y/o baja de otra maquinaria y equipo ', 1017, 999),
(1018, '704.19', 'Ganancia por enajenación de acciones ', 1018, 999),
(1019, '704.20', 'Ganancia por enajenación de partes sociales ', 1019, 999),
(1020, '704.21', 'Ingresos por estímulos fiscales ', 1020, 999),
(1021, '704.22', 'Ingresos por condonación de adeudo ', 1021, 999),
(1022, '704.23', 'Otros productos', 1022, 999),
(1023, '800', 'Cuentas de orden ', 1023, 0),
(1024, '801', 'UFIN del ejercicio ', 1024, 1023),
(1025, '801.01', 'UFIN ', 1025, 1024),
(1026, '801.02', 'Contra cuenta UFIN ', 1026, 1024),
(1027, '802', 'CUFIN del ejercicio ', 1027, 1023),
(1028, '802.01', 'CUFIN ', 1028, 1027),
(1029, '802.02', 'Contra cuenta CUFIN ', 1029, 1027),
(1030, '803', 'CUFIN de ejercicios anteriores ', 1030, 1023),
(1031, '803.01', 'CUFIN de ejercicios anteriores ', 1031, 1030),
(1032, '803.02', 'Contra cuenta CUFIN de ejercicios anteriores ', 1032, 1030),
(1033, '804', 'CUFINRE del ejercicio ', 1033, 1023),
(1034, '804.01', 'CUFINRE ', 1034, 1033),
(1035, '804.02', 'Contra cuenta CUFINRE ', 1035, 1033),
(1036, '805', 'CUFINRE de ejercicios anteriores ', 1036, 1023),
(1037, '805.01', 'CUFINRE de ejercicios anteriores ', 1037, 1036),
(1038, '805.02', 'Contra cuenta CUFINRE de ejercicios anteriores ', 1038, 1036),
(1039, '806', 'CUCA del ejercicio ', 1039, 1023),
(1040, '806.01', 'CUCA ', 1040, 1039),
(1041, '806.02', 'Contra cuenta CUCA ', 1041, 1039),
(1042, '807', 'CUCA de ejercicios anteriores ', 1042, 1023),
(1043, '807.01', 'CUCA de ejercicios anteriores ', 1043, 1042),
(1044, '807.02', 'Contra cuenta CUCA de ejercicios anteriores ', 1044, 1042),
(1045, '808', 'Ajuste anual por inflación acumulable ', 1045, 1023),
(1046, '808.01', 'Ajuste anual por inflación acumulable ', 1046, 1045),
(1047, '808.02', 'Acumulación del ajuste anual inflacionario ', 1047, 1045),
(1048, '809', 'Ajuste anual por inflación deducible ', 1048, 1023),
(1049, '809.01', 'Ajuste anual por inflación deducible', 1049, 1048),
(1050, '809.02', 'Deducción del ajuste anual inflacionario ', 1050, 1048),
(1051, '810', 'Deducción de inversión ', 1051, 1023),
(1052, '810.01', 'Deducción de inversión ', 1052, 1051),
(1053, '810.02', 'Contra cuenta deducción de inversiones ', 1053, 1051),
(1054, '811', 'Utilidad o pérdida fiscal en venta y/o baja de activo fijo ', 1054, 1023),
(1055, '811.01', 'Utilidad o pérdida fiscal en venta y/o baja de activo fijo ', 1055, 1054),
(1056, '811.02', 'Contra cuenta utilidad o pérdida fiscal en venta y/o baja de activo fijo ', 1056, 1054),
(1057, '812', 'Utilidad o pérdida fiscal en venta acciones o partes sociales ', 1057, 1023),
(1058, '812.01', 'Utilidad o pérdida fiscal en venta acciones o partes sociales ', 1058, 1057),
(1059, '812.02', 'Contra cuenta utilidad o pérdida fiscal en venta acciones o partes sociales ', 1059, 1057),
(1060, '813', 'Pérdidas fiscales pendientes de amortizar actualizadas de ejercicios anteriores ', 1060, 1023),
(1061, '813.01', 'Pérdidas fiscales pendientes de amortizar actualizadas de ejercicios anteriores ', 1061, 1060),
(1062, '813.02', 'Actualización de pérdidas fiscales pendientes de amortizar de ejercicios anteriores ', 1062, 1060),
(1063, '814', 'Mercancías recibidas en consignación ', 1063, 1023),
(1064, '814.01', 'Mercancías recibidas en consignación ', 1064, 1063),
(1065, '814.02', 'Consignación de mercancías recibidas ', 1065, 1063),
(1066, '815', 'Crédito fiscal de IVA e IEPS por la importación de mercancías para empresas certificadas ', 1066, 1023),
(1067, '815.01', 'Crédito fiscal de IVA e IEPS por la importación de mercancías ', 1067, 1066),
(1068, '815.02', 'Importación de mercancías con aplicación de crédito fiscal de IVA e IEPS ', 1068, 1066),
(1069, '816', 'Crédito fiscal de IVA e IEPS por la importación de activos fijos para empresas certificadas ', 1069, 1023),
(1070, '816.01', 'Crédito fiscal de IVA e IEPS por la importación de activo fijo ', 1070, 1069),
(1071, '816.02', 'Importación de activo fijo con aplicación de crédito fiscal de IVA e IEPS ', 1071, 1069),
(1072, '899', 'Otras cuentas de orden ', 1072, 1023),
(1073, '899.01', 'Otras cuentas de orden ', 1073, 1072),
(1074, '899.02', 'Contra cuenta otras cuentas de orden', 1074, 1072);



-- Contab - Grupo de Cuentas - Basado en la tabla SAT Cuentas
INSERT INTO `llx_contab_grupos` (`rowid`, `grupo`, `fk_codagr_rel`, `fk_codagr_ini`, `fk_codagr_fin`, `tipo_edo_financiero`) VALUES
(1, 'Activo', 1, 4, 249, 1),
(2, 'Activo a Corto Plazo / Circulante', 2, 4, 110, 1),
(3, 'Activo a Largo Plazo / Fijo y/o Diferido', 111, 113, 249, 1),
(4, 'Pasivo', 250, 253, 418, 1),
(5, 'Pasivo a Corto Plazo', 251, 253, 357, 1),
(6, 'Pasivo a Largo Plazo', 358, 360, 418, 1),
(7, 'Capital Contable', 419, 421, 442, 1),
(8, 'Capital Social', 420, 421, 425, 1),
(9, 'Patrimonio', 426, 427, 429, 1),
(10, 'Reserva Legal', 430, 431, 431, 1),
(11, 'Resultados Ej. Anteriores', 432, 433, 436, 1),
(12, 'Resultado del Ejercicio', 437, 438, 440, 1),
(13, 'Otras Cuentas de Captial', 441, 442, 442, 1),
(14, 'Ingresos por Ventas', 443, 445, 482, 2),
(15, 'Devoluciones y Rebajas sobre Ingresos', 483, 484, 487, 2),
(16, 'Otros Ingresos', 488, 489, 493, 2),
(17, 'Costo de Venta y/o Servicio', 494, 495, 502, 2),
(18, 'Compras', 503, 504, 507, 2),
(19, 'Devoluciones y Rebajas sobre Compras', 508, 509, 509, 2),
(20, 'Otras cuentas de costos', 510, 511, 535, 2),
(21, 'Costo de activo fijo', 536, 537, 538, 2),
(22, 'Gastos', 539, 541, 952, 2),
(23, 'Gastos generales', 540, 541, 624, 2),
(24, 'Gastos de venta', 625, 626, 709, 2),
(25, 'Gastos de administración', 710, 711, 792, 2),
(26, 'Gastos de fabricación', 793, 794, 875, 2),
(27, 'Mano de obra directa', 876, 877, 907, 2),
(28, 'Facilidades administrativas fiscales', 908, 909, 909, 2),
(29, 'Participación de los trabajadores en las utilidade', 910, 911, 911, 2),
(30, 'Participación en resultados de subsidiarias', 912, 913, 913, 2),
(31, 'Participación en resultados de asociadas', 914, 915, 915, 2),
(32, 'Participación de los trabajadores en las utilidade', 916, 917, 917, 2),
(33, 'Impuesto sobre la renta', 918, 919, 920, 2),
(34, 'Gastos no deducibles para CUFIN', 921, 922, 922, 2),
(35, 'Depreciación contable', 923, 924, 941, 2),
(36, 'Amortización contable', 942, 943, 952, 2),
(37, 'Resultado integral de financiamiento', 953, 955, 1022, 2),
(38, 'Gastos financieros', 954, 955, 965, 2),
(39, 'Productos financieros', 966, 967, 976, 2),
(40, 'Otros gastos', 977, 978, 998, 2),
(41, 'Otros productos', 999, 1000, 1022, 2);



-- Contab - Términos del Pago - Que se considera Efectivo/Contado, Crédito y 50/50
INSERT INTO `llx_contab_payment_term` (`rowid`, `fk_payment_term`, `cond_pago`) VALUES
(1, 1, 1),
(2, 2, 2),
(3, 3, 2),
(4, 4, 2),
(5, 5, 2),
(6, 6, 1),
(7, 7, 2),
(8, 8, 4);



-- SAT Mexico - Métodos de Pago
INSERT INTO `llx_contab_sat_metodo_pago` (`rowid`, `clave`, `concepto`) VALUES
(1, '01', 'Efectivo'),
(2, '02', 'Cheque '),
(3, '03', 'Transferencia '),
(4, '04', 'Tarjetas de crédito '),
(5, '05', 'Monederos electrónicos'),
(6, '06', 'Dinero electrónico'),
(7, '07', 'Tarjetas digitales'),
(8, '08', 'Vales de despensa'),
(9, '09', 'Bienes'),
(10, '10', 'Servicio'),
(11, '11', 'Por cuenta de tercero'),
(12, '12', 'Dación en pago'),
(13, '13', 'Pago por subrogación'),
(14, '14', 'Pago por consignación'),
(15, '15', 'Condonación'),
(16, '16', 'Cancelación'),
(17, '17', 'Compensación'),
(18, '98', '“NA”'),
(19, '99', 'Otros');

-- SAT Mexico - Catálogo de Monedas
INSERT INTO `llx_contab_sat_monedas` (`rowid`, `codigo`, `moneda`) VALUES
(1, 'AED', 'Dirham de los Emiratos Árabes Unidos'),
(2, 'AFN', 'Afgani afgano'),
(3, 'ALL', 'Lek albanés'),
(4, 'AMD', 'Dram armenio'),
(5, 'ANG', 'Florín antillano neerlandés'),
(6, 'AOA', 'Kwanza angoleño'),
(7, 'ARS', 'Peso argentino'),
(8, 'AUD', 'Dólar australiano'),
(9, 'AWG', 'Florín arubeño'),
(10, 'AZN', 'Manat azerbaiyano'),
(11, 'BAM', 'Marco convertible de Bosnia-Herzegovina'),
(12, 'BBD', 'Dólar de Barbados'),
(13, 'BDT', 'Taka de Bangladés'),
(14, 'BGN', 'Lev búlgaro'),
(15, 'BHD', 'Dinar bahreiní'),
(16, 'BIF', 'Franco burundés'),
(17, 'BMD', 'Dólar de Bermuda'),
(18, 'BND', 'Dólar de Brunéi'),
(19, 'BOB', 'Boliviano'),
(20, 'BOV', 'Mvdol boliviano (código de fondos)'),
(21, 'BRL', 'Real brasileño'),
(22, 'BSD', 'Dólar bahameño'),
(23, 'BTN', 'Ngultrum de Bután'),
(24, 'BWP', 'Pula de Botsuana'),
(25, 'BYR', 'Rublo bielorruso'),
(26, 'BZD', 'Dólar de Belice'),
(27, 'CAD', 'Dólar canadiense'),
(28, 'CDF', 'Franco congoleño, o congolés'),
(29, 'CHF', 'Franco suizo'),
(30, 'CLF', 'Unidades de fomento chilenas (código de fondos)'),
(31, 'CLP', 'Peso chileno'),
(32, 'CNY', 'Yuan chino'),
(33, 'COP', 'Peso colombiano'),
(34, 'COU', 'Unidad de valor real colombiana (añadida al COP)'),
(35, 'CRC', 'Colón costarricense'),
(36, 'CSD', 'Dinar serbio (Reemplazado por RSD el 25 de octubre de 2006)'),
(37, 'CUP', 'Peso cubano'),
(38, 'CUC', 'Peso cubano convertible'),
(39, 'CVE', 'Escudo caboverdiano'),
(40, 'CZK', 'Koruna checa'),
(41, 'DJF', 'Franco yibutiano'),
(42, 'DKK', 'Corona danesa'),
(43, 'DOP', 'Peso dominicano (Cuarta Sección) DIARIO OFICIAL Lunes 5 de enero de 2015'),
(44, 'DZD', 'Dinar argelino'),
(45, 'EGP', 'Libra egipcia'),
(46, 'ERN', 'Nakfa eritreo'),
(47, 'ETB', 'Birr etíope'),
(48, 'EUR', 'Euro'),
(49, 'FJD', 'Dólar fiyiano'),
(50, 'FKP', 'Libra malvinense'),
(51, 'GBP', 'Libra esterlina (libra de Gran Bretaña)'),
(52, 'GEL', 'Lari georgiano'),
(53, 'GHS', 'Cedi ghanés'),
(54, 'GIP', 'Libra de Gibraltar'),
(55, 'GMD', 'Dalasi gambiano'),
(56, 'GNF', 'Franco guineano'),
(57, 'GTQ', 'Quetzal guatemalteco'),
(58, 'GYD', 'Dólar guyanés'),
(59, 'HKD', 'Dólar de Hong Kong'),
(60, 'HNL', 'Lempira hondureño'),
(61, 'HRK', 'Kuna croata'),
(62, 'HTG', 'Gourde haitiano'),
(63, 'HUF', 'Forint húngaro'),
(64, 'IDR', 'Rupiah indonesia'),
(65, 'ILS', 'Nuevo shéquel israelí'),
(66, 'INR', 'Rupia india'),
(67, 'IQD', 'Dinar iraquí'),
(68, 'IRR', 'Rial iraní'),
(69, 'ISK', 'Króna islandesa'),
(70, 'JMD', 'Dólar jamaicano'),
(71, 'JOD', 'Dinar jordano'),
(72, 'JPY', 'Yen japonés'),
(73, 'KES', 'Chelín keniata'),
(74, 'KGS', 'Som kirguís (de Kirguistán)'),
(75, 'KHR', 'Riel camboyano'),
(76, 'KMF', 'Franco comoriano (de Comoras)'),
(77, 'KPW', 'Won norcoreano'),
(78, 'KRW', 'Won surcoreano'),
(79, 'KWD', 'Dinar kuwaití'),
(80, 'KYD', 'Dólar caimano (de Islas Caimán)'),
(81, 'KZT', 'Tenge kazajo'),
(82, 'LAK', 'Kip lao'),
(83, 'LBP', 'Libra libanesa'),
(84, 'LKR', 'Rupia de Sri Lanka'),
(85, 'LRD', 'Dólar liberiano'),
(86, 'LSL', 'Loti lesotense'),
(87, 'LTL', 'Litas lituano'),
(88, 'LVL', 'Lat letón'),
(89, 'LYD', 'Dinar libio'),
(90, 'MAD', 'Dirham marroquí'),
(91, 'MDL', 'Leu moldavo'),
(92, 'MGA', 'Ariary malgache'),
(93, 'MKD', 'Denar macedonio'),
(94, 'MMK', 'Kyat birmano'),
(95, 'MNT', 'Tughrik mongol'),
(96, 'MOP', 'Pataca de Macao'),
(97, 'MRO', 'Ouguiya mauritana'),
(98, 'MUR', 'Rupia mauricia'),
(99, 'MVR', 'Rufiyaa maldiva'),
(100, 'MWK', 'Kwacha malauí'),
(101, 'MXN', 'Peso mexicano'),
(102, 'MXV', 'Unidad de Inversión (UDI) mexicana (código de fondos)'),
(103, 'MYR', 'Ringgit malayo'),
(104, 'MZN', 'Metical mozambiqueño'),
(105, 'NAD', 'Dólar namibio'),
(106, 'NGN', 'Naira nigeriana'),
(107, 'NIO', 'Córdoba nicaragüense'),
(108, 'NOK', 'Corona noruega'),
(109, 'NPR', 'Rupia nepalesa'),
(110, 'NZD', 'Dólar neozelandésLunes 5 de enero de 2015 DIARIO OFICIAL (Cuarta Sección) '),
(111, 'OMR', 'Rial omaní'),
(112, 'PAB', 'Balboa panameña'),
(113, 'PEN', 'Nuevo sol peruano'),
(114, 'PGK', 'Kina de Papúa Nueva Guinea'),
(115, 'PHP', 'Peso filipino'),
(116, 'PKR', 'Rupia pakistaní'),
(117, 'PLN', 'zloty polaco'),
(118, 'PYG', 'Guaraní paraguayo'),
(119, 'QAR', 'Rial qatarí'),
(120, 'RON', 'Leu rumano'),
(121, 'RUB', 'Rublo ruso'),
(122, 'RWF', 'Franco ruandés'),
(123, 'SAR', 'Riyal saudí'),
(124, 'SBD', 'Dólar de las Islas Salomón'),
(125, 'SCR', 'Rupia de Seychelles'),
(126, 'SDG', 'Dinar sudanés'),
(127, 'SEK', 'Corona sueca'),
(128, 'SGD', 'Dólar de Singapur'),
(129, 'SHP', 'Libra de Santa Helena'),
(130, 'SLL', 'Leone de Sierra Leona'),
(131, 'SOS', 'Chelín somalí'),
(132, 'SRD', 'Dólar surinamés'),
(133, 'STD', 'Dobra de Santo Tomé y Príncipe'),
(134, 'SYP', 'Libra siria'),
(135, 'SZL', 'Lilangeni suazi'),
(136, 'THB', 'Baht tailandés'),
(137, 'TJS', 'Somoni tayik (de Tayikistán)'),
(138, 'TMT', 'Manat turcomano'),
(139, 'TND', 'Dinar tunecino'),
(140, 'TOP', 'Pa''anga tongano'),
(141, 'TRY', 'Lira turca'),
(142, 'TTD', 'Dólar de Trinidad y Tobago'),
(143, 'TWD', 'Dólar taiwanés'),
(144, 'TZS', 'Chelín tanzano'),
(145, 'UAH', 'Grivna ucraniana'),
(146, 'UGX', 'Chelín ugandés'),
(147, 'USD', 'Dólar estadounidense'),
(148, 'USN', 'Dólar estadounidense (Siguiente día) (código de fondos)'),
(149, 'USS', 'Dólar estadounidense (Mismo día) (código de fondos)'),
(150, 'UYU', 'Peso uruguayo'),
(151, 'UZS', 'Som uzbeko'),
(152, 'VEF', 'Bolívar fuerte venezolano'),
(153, 'VND', 'Dong vietnamita'),
(154, 'VUV', 'Vatu vanuatense'),
(155, 'WST', 'Tala samoana'),
(156, 'XAF', 'Franco CFA de África Central'),
(157, 'XAG', 'Onza de plata'),
(158, 'XAU', 'Onza de oro'),
(159, 'XBA', 'European Composite Unit (EURCO) (unidad del mercado de bonos)'),
(160, 'XBB', 'European Monetary Unit (E.M.U.-6) (unidad del mercado de bonos)'),
(161, 'XBC', 'European Unit of Account 9 (E.U.A.-9) (unidad del mercado de bonos)'),
(162, 'XBD', 'European Unit of Account 17 (E.U.A.-17) (unidad del mercado de bonos)'),
(163, 'XCD', 'Dólar del Caribe Oriental'),
(164, 'XDR', 'Derechos Especiales de Giro (FMI)'),
(165, 'XFO', 'Franco de oro (Special settlement currency)'),
(166, 'XFU', 'Franco UIC (Special settlement currency)'),
(167, 'XOF', 'Franco CFA de África Occidental'),
(168, 'XPD', 'Onza de paladio'),
(169, 'XPF', 'Franco CFP'),
(170, 'XPT', 'Onza de platino'),
(171, 'XTS', 'Reservado para pruebas'),
(172, 'XXX', 'Sin divisa'),
(173, 'YER', 'Rial yemení (de Yemen)'),
(174, 'ZAR', 'Rand sudafricano'),
(175, 'ZMW', 'Kwacha zambiano'),
(176, 'ZWL', 'Dólar zimbabuense');

-- SAT Mexico - Catálogo de Bancos
INSERT INTO `llx_contab_sat_bancos` (`rowid`, `clave`, `nomcorto`, `nombre`) VALUES
(1, '002', 'BANAME', 'Banco Nacional de México, S.A., Institución de Banca Múltiple, Grupo Financiero Banamex '),
(2, '006', 'BANCOM', 'Banco Nacional de Comercio Exterior, Sociedad Nacional de Crédito, Institución de Banca de Desarrollo '),
(3, '009', 'BANOBR', 'Banco Nacional de Obras y Servicios Públicos, Sociedad Nacional de Crédito, Institución de Banca de Desarrollo '),
(4, '012', 'BBVA B', 'BBVA Bancomer, S.A., Institución de Banca Múltiple, Grupo Financiero BBVA Bancomer '),
(5, '014', 'SANTAN', 'Banco Santander (México), S.A., Institución de Banca Múltiple, Grupo Financiero Santander '),
(6, '019', 'BANJER', 'Banco Nacional del Ejército, Fuerza Aérea y Armada, Sociedad Nacional de Crédito, Institución de Banca de Desarrollo '),
(7, '021', 'HSBC ', 'HSBC México, S.A., Institución De Banca Múltiple, Grupo Financiero HSBC 030 BAJIO Banco del Bajío, S.A., Institución de Banca Múltiple '),
(8, '032', 'IXE ', 'IXE Banco, S.A., Institución de Banca Múltiple, IXE Grupo Financiero '),
(9, '036', 'INBURS', 'Banco Inbursa, S.A., Institución de Banca Múltiple, Grupo Financiero Inbursa '),
(10, '037', 'INTERA', 'Banco Interacciones, S.A., Institución de Banca Múltiple '),
(11, '042', 'MIFEL ', 'Banca Mifel, S.A., Institución de Banca Múltiple, Grupo Financiero Mifel '),
(12, '044', 'SCOTIA', 'Scotiabank Inverlat, S.A. '),
(13, '058', 'BANREG', 'Banco Regional de Monterrey, S.A., Institución de Banca Múltiple, Banregio Grupo Financiero '),
(14, '059', 'INVEX ', 'Banco Invex, S.A., Institución de Banca Múltiple, Invex Grupo Financiero '),
(15, '060', 'BANSI ', 'Bansi, S.A., Institución de Banca Múltiple '),
(16, '062', 'AFIRME', 'Banca Afirme, S.A., Institución de Banca Múltiple '),
(17, '072', 'BANORT', 'Banco Mercantil del Norte, S.A., Institución de Banca Múltiple, Grupo Financiero Banorte '),
(18, '102', 'THE RO', 'The Royal Bank of Scotland México, S.A., Institución de Banca Múltiple '),
(19, '103', 'AMERIC', 'American Express Bank (México), S.A., Institución de Banca Múltiple '),
(20, '106', 'BAMSA ', 'Bank of America México, S.A., Institución de Banca Múltiple, Grupo Financiero Bank of America '),
(21, '108', 'TOKYO ', 'Bank of Tokyo-Mitsubishi UFJ (México), S.A. '),
(22, '110', 'JP MOR', 'Banco J.P. Morgan, S.A., Institución de Banca Múltiple, J.P. Morgan Grupo Financiero '),
(23, '112', 'BMONEX', 'Banco Monex, S.A., Institución de Banca Múltiple '),
(24, '113', 'VE POR', 'Banco Ve Por Mas, S.A. Institución de Banca Múltiple '),
(25, '116', 'ING ', 'ING Bank (México), S.A., Institución de Banca Múltiple, ING Grupo Financiero '),
(26, '124', 'DEUTSC', 'Deutsche Bank México, S.A., Institución de Banca Múltiple '),
(27, '126', 'CREDIT', 'Banco Credit Suisse (México), S.A. Institución de Banca Múltiple, Grupo Financiero Credit Suisse (México) '),
(28, '127', 'AZTECA', 'Banco Azteca, S.A. Institución de Banca Múltiple. '),
(29, '128', 'AUTOFI', 'Banco Autofin México, S.A. Institución de Banca Múltiple '),
(30, '129', 'BARCLA', 'Barclays Bank México, S.A., Institución de Banca Múltiple, Grupo Financiero Barclays México '),
(31, '130', 'COMPAR', 'Banco Compartamos, S.A., Institución de Banca Múltiple '),
(32, '131', 'BANCO ', 'Banco Ahorro Famsa, S.A., Institución de Banca Múltiple'),
(33, '132', 'BMULTI', 'Banco Multiva, S.A., Institución de Banca Múltiple, Multivalores Grupo Financiero '),
(34, '133', 'ACTINV', 'Banco Actinver, S.A. Institución de Banca Múltiple, Grupo Financiero Actinver '),
(35, '134', 'WAL-MA', 'Banco Wal-Mart de México Adelante, S.A., Institución de Banca Múltiple '),
(36, '135', 'NAFIN ', 'Nacional Financiera, Sociedad Nacional de Crédito, Institución de Banca de Desarrollo '),
(37, '136', 'INTERB', 'Inter Banco, S.A. Institución de Banca Múltiple '),
(38, '137', 'BANCOP', 'BanCoppel, S.A., Institución de Banca Múltiple '),
(39, '138', 'ABC CA', 'ABC Capital, S.A., Institución de Banca Múltiple '),
(40, '139', 'UBS BA', 'UBS Bank México, S.A., Institución de Banca Múltiple, UBS Grupo Financiero '),
(41, '140', 'CONSUB', 'Consubanco, S.A. Institución de Banca Múltiple '),
(42, '141', 'VOLKSW', 'Volkswagen Bank, S.A., Institución de Banca Múltiple '),
(43, '143', 'CIBANC', 'CIBanco, S.A.'),
(44, '145', 'BBASE ', 'Banco Base, S.A., Institución de Banca Múltiple '),
(45, '166', 'BANSEF', 'Banco del Ahorro Nacional y Servicios Financieros, Sociedad Nacional de Crédito, Institución de Banca de Desarrollo '),
(46, '168', 'HIPOTE', 'Sociedad Hipotecaria Federal, Sociedad Nacional de Crédito, Institución de Banca de Desarrollo'),
(47, '600', 'MONEXC', 'Monex Casa de Bolsa, S.A. de C.V. Monex Grupo Financiero '),
(48, '601', 'GBM ', 'GBM Grupo Bursátil Mexicano, S.A. de C.V. Casa de Bolsa '),
(49, '602', 'MASARI', 'Masari Casa de Bolsa, S.A. '),
(50, '605', 'VALUE ', 'Value, S.A. de C.V. Casa de Bolsa '),
(51, '606', 'ESTRUC', 'Estructuradores del Mercado de Valores Casa de Bolsa, S.A. de C.V. '),
(52, '607', 'TIBER ', 'Casa de Cambio Tiber, S.A. de C.V. '),
(53, '608', 'VECTOR', 'Vector Casa de Bolsa, S.A. de C.V. '),
(54, '610', 'B&B ', 'B y B, Casa de Cambio, S.A. de C.V. '),
(55, '614', 'ACCIVA', 'Acciones y Valores Banamex, S.A. de C.V., Casa de Bolsa '),
(56, '615', 'MERRIL', 'Merrill Lynch México, S.A. de C.V. Casa de Bolsa '),
(57, '616', 'FINAME', 'Casa de Bolsa Finamex, S.A. de C.V. '),
(58, '617', 'VALMEX', 'Valores Mexicanos Casa de Bolsa, S.A. de C.V. '),
(59, '618', 'UNICA ', 'Unica Casa de Cambio, S.A. de C.V. '),
(60, '619', 'MAPFRE', 'MAPFRE Tepeyac, S.A. '),
(61, '620', 'PROFUT', 'Profuturo G.N.P., S.A. de C.V., Afore '),
(62, '621', 'CB ACT', 'Actinver Casa de Bolsa, S.A. de C.V. '),
(63, '622', 'OACTIN', 'OPERADORA ACTINVER, S.A. DE C.V. '),
(64, '623', 'SKANDI', 'Skandia Vida, S.A. de C.V. '),
(65, '626', 'CBDEUT', 'Deutsche Securities, S.A. de C.V. CASA DE BOLSA '),
(66, '627', 'ZURICH', 'Zurich Compañía de Seguros, S.A. '),
(67, '628', 'ZURICH', 'Zurich Vida, Compañía de Seguros, S.A. '),
(68, '629', 'SU CAS', 'Hipotecaria Su Casita, S.A. de C.V. SOFOM ENR '),
(69, '630', 'CB INT', 'Intercam Casa de Bolsa, S.A. de C.V. '),
(70, '631', 'CI BOL', 'CI Casa de Bolsa, S.A. de C.V. '),
(71, '632', 'BULLTI', 'CB Bulltick Casa de Bolsa, S.A., de C.V. '),
(72, '633', 'STERLI', 'Sterling Casa de Cambio, S.A. de C.V. '),
(73, '634', 'FINCOM', 'Fincomun, Servicios Financieros Comunitarios, S.A. de C.V. '),
(74, '636', 'HDI SE', 'HDI Seguros, S.A. de C.V. '),
(75, '637', 'ORDER ', 'Order Express Casa de Cambio, S.A. de C.V'),
(76, '638', 'AKALA ', 'Akala, S.A. de C.V., Sociedad Financiera Popular '),
(77, '640', 'CB JPM', 'J.P. Morgan Casa de Bolsa, S.A. de C.V. J.P. Morgan Grupo Financiero '),
(78, '642', 'REFORM', 'Operadora de Recursos Reforma, S.A. de C.V., S.F.P. '),
(79, '646', 'STP ', 'Sistema de Transferencias y Pagos STP, S.A. de C.V.SOFOM ENR '),
(80, '647', 'TELECO', 'Telecomunicaciones de México '),
(81, '648', 'EVERCO', 'Evercore Casa de Bolsa, S.A. de C.V. '),
(82, '649', 'SKANDI', 'Skandia Operadora de Fondos, S.A. de C.V.'),
(83, '651', 'SEGMTY', 'Seguros Monterrey New York Life, S.A de C.V '),
(84, '652', 'ASEA ', 'Solución Asea, S.A. de C.V., Sociedad Financiera Popular '),
(85, '653', 'KUSPIT', 'Kuspit Casa de Bolsa, S.A. de C.V. '),
(86, '655', 'SOFIEX', 'J.P. SOFIEXPRESS, S.A. de C.V., S.F.P. '),
(87, '656', 'UNAGRA', 'UNAGRA, S.A. de C.V., S.F.P. '),
(88, '659', 'OPCION', 'OPCIONES EMPRESARIALES DEL NORESTE, S.A. DE C.V., S.F.P. '),
(89, '670', 'LIBERT', 'Libertad Servicios Financieros, S.A. De C.V. '),
(90, '901', 'CLS ', 'Cls Bank International '),
(91, '902', 'INDEVA', 'SD. Indeval, S.A. de C.V. '),
(92, '999', 'N/A', 'N/A');


-- Catlalogo de Cuentas Principal - Catálogo de Cuentas
INSERT INTO `llx_contab_sat_ctas` (`rowid`, `nivel`, `codagr`, `descripcion`, `natur`) VALUES
(1, 0, '100', 'Activo', 'D'),
(2, 0, '100.01', 'Activo a corto plazo', 'D'),
(3, 1, '101', 'Caja ', 'D'),
(4, 2, '101.01', 'Caja y efectivo ', 'D'),
(5, 1, '102', 'Bancos ', 'D'),
(6, 2, '102.01', 'Bancos nacionales ', 'D'),
(7, 2, '102.02', 'Bancos extranjeros ', 'D'),
(8, 1, '103', 'Inversiones ', 'D'),
(9, 2, '103.01', 'Inversiones temporales ', 'D'),
(10, 2, '103.02', 'Inversiones en fideicomisos ', 'D'),
(11, 2, '103.03', 'Otras inversiones ', 'D'),
(12, 1, '104', 'Otros instrumentos financieros ', 'D'),
(13, 2, '104.01', 'Otros instrumentos financieros ', 'D'),
(14, 1, '105', 'Clientes ', 'D'),
(15, 2, '105.01', 'Clientes nacionales ', 'D'),
(16, 2, '105.02', 'Clientes extranjeros ', 'D'),
(17, 2, '105.03', 'Clientes nacionales parte relacionada ', 'D'),
(18, 2, '105.04', 'Clientes extranjeros parte relacionada ', 'D'),
(19, 1, '106', 'Cuentas y documentos por cobrar a corto plazo ', 'D'),
(20, 2, '106.01', 'Cuentas y documentos por cobrar a corto plazo nacional ', 'D'),
(21, 2, '106.02', 'Cuentas y documentos por cobrar a corto plazo extranjero ', 'D'),
(22, 2, '106.03', 'Cuentas y documentos por cobrar a corto plazo nacional parte relacionada ', 'D'),
(23, 2, '106.04', 'Cuentas y documentos por cobrar a corto plazo extranjero parte relacionada', 'D'),
(24, 2, '106.05', 'Intereses por cobrar a corto plazo nacional ', 'D'),
(25, 2, '106.06', 'Intereses por cobrar a corto plazo extranjero ', 'D'),
(26, 2, '106.07', 'Intereses por cobrar a corto plazo nacional parte relacionada ', 'D'),
(27, 2, '106.08', 'Intereses por cobrar a corto plazo extranjero parte relacionada ', 'D'),
(28, 2, '106.09', 'Otras cuentas y documentos por cobrar a corto plazo ', 'D'),
(29, 2, '106.10', 'Otras cuentas y documentos por cobrar a corto plazo parte relacionada ', 'D'),
(30, 1, '107', 'Deudores diversos', 'D'),
(31, 2, '107.01', 'Funcionarios y empleados ', 'D'),
(32, 2, '107.02', 'Socios y accionistas ', 'D'),
(33, 2, '107.03', 'Partes relacionadas nacionales', 'D'),
(34, 2, '107.04', 'Partes relacionadas extranjeros ', 'D'),
(35, 2, '107.05', 'Otros deudores diversos ', 'D'),
(36, 1, '108', 'Estimación de cuentas incobrables ', 'D'),
(37, 2, '108.01', 'Estimación de cuentas incobrables nacional ', 'D'),
(38, 2, '108.02', 'Estimación de cuentas incobrables extranjero ', 'D'),
(39, 2, '108.03', 'Estimación de cuentas incobrables nacional parte relacionada ', 'D'),
(40, 2, '108.04', 'Estimación de cuentas incobrables extranjero parte relacionada ', 'D'),
(41, 1, '109', 'Pagos anticipados ', 'D'),
(42, 2, '109.01', 'Seguros y fianzas pagados por anticipado nacional ', 'D'),
(43, 2, '109.02', 'Seguros y fianzas pagados por anticipado extranjero ', 'D'),
(44, 2, '109.03', 'Seguros y fianzas pagados por anticipado nacional parte relacionada', 'D'),
(45, 2, '109.04', 'Seguros y fianzas pagados por anticipado extranjero parte relacionada ', 'D'),
(46, 2, '109.05', 'Rentas pagados por anticipado nacional ', 'D'),
(47, 2, '109.06', 'Rentas pagados por anticipado extranjero ', 'D'),
(48, 2, '109.07', 'Rentas pagados por anticipado nacional parte relacionada', 'D'),
(49, 2, '109.08', 'Rentas pagados por anticipado extranjero parte relacionada ', 'D'),
(50, 2, '109.09', 'Intereses pagados por anticipado nacional ', 'D'),
(51, 2, '109.10', 'Intereses pagados por anticipado extranjero ', 'D'),
(52, 2, '109.11', 'Intereses pagados por anticipado nacional parte relacionada ', 'D'),
(53, 2, '109.12', 'Intereses pagados por anticipado extranjero parte relacionada ', 'D'),
(54, 2, '109.13', 'Factoraje financiero pagados por anticipado nacional ', 'D'),
(55, 2, '109.14', 'Factoraje financiero pagados por anticipado extranjero ', 'D'),
(56, 2, '109.15', 'Factoraje financiero pagados por anticipado nacional parte relacionada ', 'D'),
(57, 2, '109.16', 'Factoraje financiero pagados por anticipado extranjero parte relacionada ', 'D'),
(58, 2, '109.17', 'Arrendamiento financiero pagados por anticipado nacional ', 'D'),
(59, 2, '109.18', 'Arrendamiento financiero pagados por anticipado extranjero ', 'D'),
(60, 2, '109.19', 'Arrendamiento financiero pagados por anticipado nacional parte relacionada ', 'D'),
(61, 2, '109.20', 'Arrendamiento financiero pagados por anticipado extranjero parte relacionada ', 'D'),
(62, 2, '109.21', 'Pérdida por deterioro de pagos anticipados ', 'D'),
(63, 2, '109.22', 'Derechos fiduciarios ', 'D'),
(64, 2, '109.23', 'Otros pagos anticipados ', 'D'),
(65, 1, '110', 'Subsidio al empleo por aplicar ', 'D'),
(66, 2, '110.01', 'Subsidio al empleo por aplicar ', 'D'),
(67, 1, '111', 'Crédito al diesel por acreditar ', 'D'),
(68, 2, '111.01', 'Crédito al diesel por acreditar ', 'D'),
(69, 1, '112', 'Otros estímulos ', 'D'),
(70, 2, '112.01', 'Otros estímulos ', 'D'),
(71, 1, '113', 'Impuestos a favor ', 'D'),
(72, 2, '113.01', 'IVA a favor ', 'D'),
(73, 2, '113.02', 'ISR a favor ', 'D'),
(74, 2, '113.03', 'IETU a favor ', 'D'),
(75, 2, '113.04', 'IDE a favor ', 'D'),
(76, 2, '113.05', 'IA a favor ', 'D'),
(77, 2, '113.06', 'Subsidio al empleo ', 'D'),
(78, 2, '113.07', 'Pago de lo indebido ', 'D'),
(79, 2, '113.08', 'Otros impuestos a favor ', 'D'),
(80, 1, '114', 'Pagos provisionales ', 'D'),
(81, 2, '114.01', 'Pagos provisionales de ISR ', 'D'),
(82, 1, '115', 'Inventario ', 'D'),
(83, 2, '115.01', 'Inventario ', 'D'),
(84, 2, '115.02', 'Materia prima y materiales ', 'D'),
(85, 2, '115.03', 'Producción en proceso ', 'D'),
(86, 2, '115.04', 'Productos terminados ', 'D'),
(87, 2, '115.05', 'Mercancías en tránsito ', 'D'),
(88, 2, '115.06', 'Mercancías en poder de terceros ', 'D'),
(89, 2, '115.07', 'Otros ', 'D'),
(90, 1, '116', 'Estimación de inventarios obsoletos y de lento movimiento ', 'D'),
(91, 2, '116.01', 'Estimación de inventarios obsoletos y de lento movimiento ', 'D'),
(92, 1, '117', 'Obras en proceso de inmuebles ', 'D'),
(93, 2, '117.01', 'Obras en proceso de inmuebles ', 'D'),
(94, 1, '118', 'Impuestos acreditables pagados ', 'D'),
(95, 2, '118.01', 'IVA acreditable pagado ', 'D'),
(96, 2, '118.02', 'IVA acreditable de importación pagado ', 'D'),
(97, 2, '118.03', 'IEPS acreditable pagado ', 'D'),
(98, 2, '118.04', 'IEPS pagado en importación ', 'D'),
(99, 1, '119', 'Impuestos acreditables por pagar', 'D'),
(100, 2, '119.01', 'IVA pendiente de pago ', 'D'),
(101, 2, '119.02', 'IVA de importación pendiente de pago ', 'D'),
(102, 2, '119.03', 'IEPS pendiente de pago ', 'D'),
(103, 2, '119.04', 'IEPS pendiente de pago en importación ', 'D'),
(104, 1, '120', 'Anticipo a proveedores ', 'D'),
(105, 2, '120.01', 'Anticipo a proveedores nacional ', 'D'),
(106, 2, '120.02', 'Anticipo a proveedores extranjero ', 'D'),
(107, 2, '120.03', 'Anticipo a proveedores nacional parte relacionada ', 'D'),
(108, 2, '120.04', 'Anticipo a proveedores extranjero parte relacionada ', 'D'),
(109, 1, '121', 'Otros activos a corto plazo ', 'D'),
(110, 2, '121.01', 'Otros activos a corto plazo ', 'D'),
(111, 0, '100.02', 'Activo a largo plazo', 'D'),
(112, 1, '151', 'Terrenos ', 'D'),
(113, 2, '151.01', 'Terrenos ', 'D'),
(114, 1, '152', 'Edificios ', 'D'),
(115, 2, '152.01', 'Edificios ', 'D'),
(116, 1, '153', 'Maquinaria y equipo ', 'D'),
(117, 2, '153.01', 'Maquinaria y equipo ', 'D'),
(118, 1, '154', 'Automóviles, autobuses, camiones de carga, tractocamiones, montacargas y remolques ', 'D'),
(119, 2, '154.01', 'Automóviles, autobuses, camiones de carga, tractocamiones, montacargas y remolques ', 'D'),
(120, 1, '155', 'Mobiliario y equipo de oficina ', 'D'),
(121, 2, '155.01', 'Mobiliario y equipo de oficina ', 'D'),
(122, 1, '156', 'Equipo de cómputo ', 'D'),
(123, 2, '156.01', 'Equipo de cómputo ', 'D'),
(124, 1, '157', 'Equipo de comunicación ', 'D'),
(125, 2, '157.01', 'Equipo de comunicación ', 'D'),
(126, 1, '158', 'Activos biológicos, vegetales y semovientes ', 'D'),
(127, 2, '158.01', 'Activos biológicos, vegetales y semovientes ', 'D'),
(128, 1, '159', 'Obras en proceso de activos fijos ', 'D'),
(129, 2, '159.01', 'Obras en proceso de activos fijos ', 'D'),
(130, 1, '160', 'Otros activos fijos ', 'D'),
(131, 2, '160.01', 'Otros activos fijos ', 'D'),
(132, 1, '161', 'Ferrocarriles ', 'D'),
(133, 2, '161.01', 'Ferrocarriles ', 'D'),
(134, 1, '162', 'Embarcaciones ', 'D'),
(135, 2, '162.01', 'Embarcaciones ', 'D'),
(136, 1, '163', 'Aviones ', 'D'),
(137, 2, '163.01', 'Aviones ', 'D'),
(138, 1, '164', 'Troqueles, moldes, matrices y herramental ', 'D'),
(139, 2, '164.01', 'Troqueles, moldes, matrices y herramental ', 'D'),
(140, 1, '165', 'Equipo de comunicaciones telefónicas ', 'D'),
(141, 2, '165.01', 'Equipo de comunicaciones telefónicas ', 'D'),
(142, 1, '166', 'Equipo de comunicación satelital ', 'D'),
(143, 2, '166.01', 'Equipo de comunicación satelital ', 'D'),
(144, 1, '167', 'Equipo de adaptaciones para personas con capacidades diferentes ', 'D'),
(145, 2, '167.01', 'Equipo de adaptaciones para personas con capacidades diferentes ', 'D'),
(146, 1, '168', 'Maquinaria y equipo de generación de energía de fuentes renovables o de sistemas de cogeneración de electricidad eficiente ', 'D'),
(147, 2, '168.01', 'Maquinaria y equipo de generación de energía de fuentes renovables o de sistemas de cogeneración de electricidad eficiente ', 'D'),
(148, 1, '169', 'Otra maquinaria y equipo', 'D'),
(149, 2, '169.01', 'Otra maquinaria y equipo ', 'D'),
(150, 1, '170', 'Adaptaciones y mejoras ', 'D'),
(151, 2, '170.01', 'Adaptaciones y mejoras ', 'D'),
(152, 1, '171', 'Depreciación acumulada de activos fijos ', 'D'),
(153, 2, '171.01', 'Depreciación acumulada de edificios ', 'D'),
(154, 2, '171.02', 'Depreciación acumulada de maquinaria y equipo ', 'D'),
(155, 2, '171.03', 'Depreciación acumulada de automóviles, autobuses, camiones de carga, tractocamiones, montacargas y remolques ', 'D'),
(156, 2, '171.04', 'Depreciación acumulada de mobiliario y equipo de oficina ', 'D'),
(157, 2, '171.05', 'Depreciación acumulada de equipo de cómputo ', 'D'),
(158, 2, '171.06', 'Depreciación acumulada de equipo de comunicación ', 'D'),
(159, 2, '171.07', 'Depreciación acumulada de activos biológicos, vegetales y semovientes ', 'D'),
(160, 2, '171.08', 'Depreciación acumulada de otros activos fijos ', 'D'),
(161, 2, '171.09', 'Depreciación acumulada de ferrocarriles ', 'D'),
(162, 2, '171.10', 'Depreciación acumulada de embarcaciones ', 'D'),
(163, 2, '171.11', 'Depreciación acumulada de aviones ', 'D'),
(164, 2, '171.12', 'Depreciación acumulada de troqueles, moldes, matrices y herramental ', 'D'),
(165, 2, '171.13', 'Depreciación acumulada de equipo de comunicaciones telefónicas ', 'D'),
(166, 2, '171.14', 'Depreciación acumulada de equipo de comunicación satelital ', 'D'),
(167, 2, '171.15', 'Depreciación acumulada de equipo de adaptaciones para personas con capacidades diferentes ', 'D'),
(168, 2, '171.16', 'Depreciación acumulada de maquinaria y equipo de generación de energía de fuentes renovables o de sistemas de cogeneración de electricidad eficiente ', 'D'),
(169, 2, '171.17', 'Depreciación acumulada de adaptaciones y mejoras ', 'D'),
(170, 2, '171.18', 'Depreciación acumulada de otra maquinaria y equipo ', 'D'),
(171, 1, '172', 'Pérdida por deterioro acumulado de activos fijos ', 'D'),
(172, 2, '172.01', 'Pérdida por deterioro acumulado de edificios ', 'D'),
(173, 2, '172.02', 'Pérdida por deterioro acumulado de maquinaria y equipo ', 'D'),
(174, 2, '172.03', 'Pérdida por deterioro acumulado de automóviles, autobuses, camiones de carga, tractocamiones, montacargas y remolques ', 'D'),
(175, 2, '172.04', 'Pérdida por deterioro acumulado de mobiliario y equipo de oficina ', 'D'),
(176, 2, '172.05', 'Pérdida por deterioro acumulado de equipo de cómputo ', 'D'),
(177, 2, '172.06', 'Pérdida por deterioro acumulado de equipo de comunicación ', 'D'),
(178, 2, '172.07', 'Pérdida por deterioro acumulado de activos biológicos, vegetales y semovientes ', 'D'),
(179, 2, '172.08', 'Pérdida por deterioro acumulado de otros activos fijos ', 'D'),
(180, 2, '172.09', 'Pérdida por deterioro acumulado de ferrocarriles ', 'D'),
(181, 2, '172.10', 'Pérdida por deterioro acumulado de embarcaciones ', 'D'),
(182, 2, '172.11', 'Pérdida por deterioro acumulado de aviones ', 'D'),
(183, 2, '172.12', 'Pérdida por deterioro acumulado de troqueles, moldes, matrices y herramental ', 'D'),
(184, 2, '172.13', 'Pérdida por deterioro acumulado de equipo de comunicaciones telefónicas ', 'D'),
(185, 2, '172.14', 'Pérdida por deterioro acumulado de equipo de comunicación satelital ', 'D'),
(186, 2, '172.15', 'Pérdida por deterioro acumulado de equipo de adaptaciones para personas con capacidades diferentes ', 'D'),
(187, 2, '172.16', 'Pérdida por deterioro acumulado de maquinaria y equipo de generación de energía de fuentes renovables o de sistemas de cogeneración de electricidad eficiente ', 'D'),
(188, 2, '172.17', 'Pérdida por deterioro acumulado de adaptaciones y mejoras ', 'D'),
(189, 2, '172.18', 'Pérdida por deterioro acumulado de otra maquinaria y equipo ', 'D'),
(190, 1, '173', 'Gastos diferidos ', 'D'),
(191, 2, '173.01', 'Gastos diferidos ', 'D'),
(192, 1, '174', 'Gastos pre operativos ', 'D'),
(193, 2, '174.01', 'Gastos pre operativos', 'D'),
(194, 1, '175', 'Regalías, asistencia técnica y otros gastos diferidos ', 'D'),
(195, 2, '175.01', 'Regalías, asistencia técnica y otros gastos diferidos ', 'D'),
(196, 1, '176', 'Activos intangibles ', 'D'),
(197, 2, '176.01', 'Activos intangibles ', 'D'),
(198, 1, '177', 'Gastos de organización ', 'D'),
(199, 2, '177.01', 'Gastos de organización ', 'D'),
(200, 1, '178', 'Investigación y desarrollo de mercado ', 'D'),
(201, 2, '178.01', 'Investigación y desarrollo de mercado ', 'D'),
(202, 1, '179', 'Marcas y patentes ', 'D'),
(203, 2, '179.01', 'Marcas y patentes ', 'D'),
(204, 1, '180', 'Crédito mercantil ', 'D'),
(205, 2, '180.01', 'Crédito mercantil ', 'D'),
(206, 1, '181', 'Gastos de instalación ', 'D'),
(207, 2, '181.01', 'Gastos de instalación ', 'D'),
(208, 1, '182', 'Otros activos diferidos ', 'D'),
(209, 2, '182.01', 'Otros activos diferidos ', 'D'),
(210, 1, '183', 'Amortización acumulada de activos diferidos ', 'D'),
(211, 2, '183.01', 'Amortización acumulada de gastos diferidos ', 'D'),
(212, 2, '183.02', 'Amortización acumulada de gastos pre operativos ', 'D'),
(213, 2, '183.03', 'Amortización acumulada de regalías, asistencia técnica y otros gastos diferidos ', 'D'),
(214, 2, '183.04', 'Amortización acumulada de activos intangibles ', 'D'),
(215, 2, '183.05', 'Amortización acumulada de gastos de organización ', 'D'),
(216, 2, '183.06', 'Amortización acumulada de investigación y desarrollo de mercado ', 'D'),
(217, 2, '183.07', 'Amortización acumulada de marcas y patentes ', 'D'),
(218, 2, '183.08', 'Amortización acumulada de crédito mercantil ', 'D'),
(219, 2, '183.09', 'Amortización acumulada de gastos de instalación ', 'D'),
(220, 2, '183.10', 'Amortización acumulada de otros activos diferidos ', 'D'),
(221, 1, '184', 'Depósitos en garantía ', 'D'),
(222, 2, '184.01', 'Depósitos de fianzas ', 'D'),
(223, 2, '184.02', 'Depósitos de arrendamiento de bienes inmuebles', 'D'),
(224, 2, '184.03', 'Otros depósitos en garantía ', 'D'),
(225, 1, '185', 'Impuestos diferidos ', 'D'),
(226, 2, '185.01', 'Impuestos diferidos ISR ', 'D'),
(227, 1, '186', 'Cuentas y documentos por cobrar a largo plazo ', 'D'),
(228, 2, '186.01', 'Cuentas y documentos por cobrar a largo plazo nacional ', 'D'),
(229, 2, '186.02', 'Cuentas y documentos por cobrar a largo plazo extranjero ', 'D'),
(230, 2, '186.03', 'Cuentas y documentos por cobrar a largo plazo nacional parte relacionada ', 'D'),
(231, 2, '186.04', 'Cuentas y documentos por cobrar a largo plazo extranjero parte relacionada ', 'D'),
(232, 2, '186.05', 'Intereses por cobrar a largo plazo nacional ', 'D'),
(233, 2, '186.06', 'Intereses por cobrar a largo plazo extranjero ', 'D'),
(234, 2, '186.07', 'Intereses por cobrar a largo plazo nacional parte relacionada ', 'D'),
(235, 2, '186.08', 'Intereses por cobrar a largo plazo extranjero parte relacionada ', 'D'),
(236, 2, '186.09', 'Otras cuentas y documentos por cobrar a largo plazo ', 'D'),
(237, 2, '186.10', 'Otras cuentas y documentos por cobrar a largo plazo parte relacionada ', 'D'),
(238, 1, '187', 'Participación de los trabajadores en las utilidades diferidas ', 'D'),
(239, 2, '187.01', 'Participación de los trabajadores en las utilidades diferidas ', 'D'),
(240, 1, '188', 'Inversiones permanentes en acciones ', 'D'),
(241, 2, '188.01', 'Inversiones a largo plazo en subsidiarias ', 'D'),
(242, 2, '188.02', 'Inversiones a largo plazo en asociadas ', 'D'),
(243, 2, '188.03', 'Otras inversiones permanentes en acciones ', 'D'),
(244, 1, '189', 'Estimación por deterioro de inversiones permanentes en acciones', 'D'),
(245, 2, '189.01', 'Estimación por deterioro de inversiones permanentes en acciones ', 'D'),
(246, 1, '190', 'Otros instrumentos financieros ', 'A'),
(247, 2, '190.01', 'Otros instrumentos financieros ', 'A'),
(248, 1, '191', 'Otros activos a largo plazo ', 'A'),
(249, 2, '191.01', 'Otros activos a largo plazo ', 'A'),
(250, 0, '200', 'Pasivo ', 'A'),
(251, 0, '200.01', 'Pasivo a corto plazo ', 'A'),
(252, 1, '201', 'Proveedores ', 'A'),
(253, 2, '201.01', 'Proveedores nacionales ', 'A'),
(254, 2, '201.02', 'Proveedores extranjeros ', 'A'),
(255, 2, '201.03', 'Proveedores nacionales parte relacionada ', 'A'),
(256, 2, '201.04', 'Proveedores extranjeros parte relacionada ', 'A'),
(257, 1, '202', 'Cuentas por pagar a corto plazo ', 'A'),
(258, 2, '202.01', 'Documentos por pagar bancario y financiero nacional ', 'A'),
(259, 2, '202.02', 'Documentos por pagar bancario y financiero extranjero ', 'A'),
(260, 2, '202.03', 'Documentos y cuentas por pagar a corto plazo nacional ', 'A'),
(261, 2, '202.04', 'Documentos y cuentas por pagar a corto plazo extranjero ', 'A'),
(262, 2, '202.05', 'Documentos y cuentas por pagar a corto plazo nacional parte relacionada ', 'A'),
(263, 2, '202.06', 'Documentos y cuentas por pagar a corto plazo extranjero parte relacionada ', 'A'),
(264, 2, '202.07', 'Intereses por pagar a corto plazo nacional ', 'A'),
(265, 2, '202.08', 'Intereses por pagar a corto plazo extranjero ', 'A'),
(266, 2, '202.09', 'Intereses por pagar a corto plazo nacional parte relacionada ', 'A'),
(267, 2, '202.10', 'Intereses por pagar a corto plazo extranjero parte relacionada ', 'A'),
(268, 2, '202.11', 'Dividendo por pagar nacional ', 'A'),
(269, 2, '202.12', 'Dividendo por pagar extranjero ', 'A'),
(270, 1, '203', 'Cobros anticipados a corto plazo ', 'A'),
(271, 2, '203.01', 'Rentas cobradas por anticipado a corto plazo nacional ', 'A'),
(272, 2, '203.02', 'Rentas cobradas por anticipado a corto plazo extranjero ', 'A'),
(273, 2, '203.03', 'Rentas cobradas por anticipado a corto plazo nacional parte relacionada ', 'A'),
(274, 2, '203.04', 'Rentas cobradas por anticipado a corto plazo extranjero parte relacionada ', 'A'),
(275, 2, '203.05', 'Intereses cobrados por anticipado a corto plazo nacional ', 'A'),
(276, 2, '203.06', 'Intereses cobrados por anticipado a corto plazo extranjero ', 'A'),
(277, 2, '203.07', 'Intereses cobrados por anticipado a corto plazo nacional parte relacionada ', 'A'),
(278, 2, '203.08', 'Intereses cobrados por anticipado a corto plazo extranjero parte relacionada ', 'A'),
(279, 2, '203.09', 'Factoraje financiero cobrados por anticipado a corto plazo nacional ', 'A'),
(280, 2, '203.10', 'Factoraje financiero cobrados por anticipado a corto plazo extranjero ', 'A'),
(281, 2, '203.11', 'Factoraje financiero cobrados por anticipado a corto plazo nacional parte relacionada ', 'A'),
(282, 2, '203.12', 'Factoraje financiero cobrados por anticipado a corto plazo extranjero parte relacionada ', 'A'),
(283, 2, '203.13', 'Arrendamiento financiero cobrados por anticipado a corto plazo nacional ', 'A'),
(284, 2, '203.14', 'Arrendamiento financiero cobrados por anticipado a corto plazo extranjero ', 'A'),
(285, 2, '203.15', 'Arrendamiento financiero cobrados por anticipado a corto plazo nacional parte relacionada ', 'A'),
(286, 2, '203.16', 'Arrendamiento financiero cobrados por anticipado a corto plazo extranjero parte relacionada ', 'A'),
(287, 2, '203.17', 'Derechos fiduciarios ', 'A'),
(288, 2, '203.18', 'Otros cobros anticipados ', 'A'),
(289, 1, '204', 'Instrumentos financieros a corto plazo ', 'A'),
(290, 2, '204.01', 'Instrumentos financieros a corto plazo ', 'A'),
(291, 1, '205', 'Acreedores diversos a corto plazo ', 'A'),
(292, 2, '205.01', 'Socios, accionistas o representante legal ', 'A'),
(293, 2, '205.02', 'Acreedores diversos a corto plazo nacional ', 'A'),
(294, 2, '205.03', 'Acreedores diversos a corto plazo extranjero ', 'A'),
(295, 2, '205.04', 'Acreedores diversos a corto plazo nacional parte relacionada', 'A'),
(296, 2, '205.05', 'Acreedores diversos a corto plazo extranjero parte relacionada ', 'A'),
(297, 2, '205.06', 'Otros acreedores diversos a corto plazo ', 'A'),
(298, 1, '206', 'Anticipo de cliente ', 'A'),
(299, 2, '206.01', 'Anticipo de cliente nacional ', 'A'),
(300, 2, '206.02', 'Anticipo de cliente extranjero ', 'A'),
(301, 2, '206.03', 'Anticipo de cliente nacional parte relacionada ', 'A'),
(302, 2, '206.04', 'Anticipo de cliente extranjero parte relacionada ', 'A'),
(303, 2, '206.05', 'Otros anticipos de clientes ', 'A'),
(304, 1, '207', 'Impuestos trasladados ', 'A'),
(305, 2, '207.01', 'IVA trasladado ', 'A'),
(306, 2, '207.02', 'IEPS trasladado ', 'A'),
(307, 1, '208', 'Impuestos trasladados cobrados ', 'A'),
(308, 2, '208.01', 'IVA trasladado cobrado ', 'A'),
(309, 2, '208.02', 'IEPS trasladado cobrado ', 'A'),
(310, 1, '209', 'Impuestos trasladados no cobrados ', 'A'),
(311, 2, '209.01', 'IVA trasladado no cobrado ', 'A'),
(312, 2, '209.02', 'IEPS trasladado no cobrado ', 'A'),
(313, 1, '210', 'Provisión de sueldos y salarios por pagar ', 'A'),
(314, 2, '210.01', 'Provisión de sueldos y salarios por pagar ', 'A'),
(315, 2, '210.02', 'Provisión de vacaciones por pagar ', 'A'),
(316, 2, '210.03', 'Provisión de aguinaldo por pagar ', 'A'),
(317, 2, '210.04', 'Provisión de fondo de ahorro por pagar ', 'A'),
(318, 2, '210.05', 'Provisión de asimilados a salarios por pagar ', 'A'),
(319, 2, '210.06', 'Provisión de anticipos o remanentes por distribuir ', 'A'),
(320, 2, '210.07', 'Provisión de otros sueldos y salarios por pagar ', 'A'),
(321, 1, '211', 'Provisión de contribuciones de seguridad social por pagar ', 'A'),
(322, 2, '211.01', 'Provisión de IMSS patronal por pagar ', 'A'),
(323, 2, '211.02', 'Provisión de SAR por pagar ', 'A'),
(324, 2, '211.03', 'Provisión de infonavit por pagar ', 'A'),
(325, 1, '212', 'Provisión de impuesto estatal sobre nómina por pagar ', 'A'),
(326, 2, '212.01', 'Provisión de impuesto estatal sobre nómina por pagar ', 'A'),
(327, 1, '213', 'Impuestos y derechos por pagar ', 'A'),
(328, 2, '213.01', 'IVA por pagar ', 'A'),
(329, 2, '213.02', 'IEPS por pagar ', 'A'),
(330, 2, '213.03', 'ISR por pagar ', 'A'),
(331, 2, '213.04', 'Impuesto estatal sobre nómina por pagar ', 'A'),
(332, 2, '213.05', 'Impuesto estatal y municipal por pagar ', 'A'),
(333, 2, '213.06', 'Derechos por pagar ', 'A'),
(334, 2, '213.07', 'Otros impuestos por pagar ', 'A'),
(335, 1, '214', 'Dividendos por pagar ', 'A'),
(336, 2, '214.01', 'Dividendos por pagar ', 'A'),
(337, 1, '215', 'PTU por pagar ', 'A'),
(338, 2, '215.01', 'PTU por pagar ', 'A'),
(339, 2, '215.02', 'PTU por pagar de ejercicios anteriores ', 'A'),
(340, 2, '215.03', 'Provisión de PTU por pagar ', 'A'),
(341, 1, '216', 'Impuestos retenidos ', 'A'),
(342, 2, '216.01', 'Impuestos retenidos de ISR por sueldos y salarios ', 'A'),
(343, 2, '216.02', 'Impuestos retenidos de ISR por asimilados a salarios ', 'A'),
(344, 2, '216.03', 'Impuestos retenidos de ISR por arrendamiento ', 'A'),
(345, 2, '216.04', 'Impuestos retenidos de ISR por servicios profesionales ', 'A'),
(346, 2, '216.05', 'Impuestos retenidos de ISR por dividendos', 'A'),
(347, 2, '216.06', 'Impuestos retenidos de ISR por intereses ', 'A'),
(348, 2, '216.07', 'Impuestos retenidos de ISR por pagos al extranjero ', 'A'),
(349, 2, '216.08', 'Impuestos retenidos de ISR por venta de acciones ', 'A'),
(350, 2, '216.09', 'Impuestos retenidos de ISR por venta de partes sociales ', 'A'),
(351, 2, '216.10', 'Impuestos retenidos de IVA ', 'A'),
(352, 2, '216.11', 'Retenciones de IMSS a los trabajadores ', 'A'),
(353, 2, '216.12', 'Otras impuestos retenidos ', 'A'),
(354, 1, '217', 'Pagos realizados por cuenta de terceros ', 'A'),
(355, 2, '217.01', 'Pagos realizados por cuenta de terceros ', 'A'),
(356, 1, '218', 'Otros pasivos a corto plazo ', 'A'),
(357, 2, '218.01', 'Otros pasivos a corto plazo ', 'A'),
(358, 0, '200.02', 'Pasivo a largo plazo ', 'A'),
(359, 1, '251', 'Acreedores diversos a largo plazo ', 'A'),
(360, 2, '251.01', 'Socios, accionistas o representante legal ', 'A'),
(361, 2, '251.02', 'Acreedores diversos a largo plazo nacional ', 'A'),
(362, 2, '251.03', 'Acreedores diversos a largo plazo extranjero ', 'A'),
(363, 2, '251.04', 'Acreedores diversos a largo plazo nacional parte relacionada ', 'A'),
(364, 2, '251.05', 'Acreedores diversos a largo plazo extranjero parte relacionada ', 'A'),
(365, 2, '251.06', 'Otros acreedores diversos a largo plazo ', 'A'),
(366, 1, '252', 'Cuentas por pagar a largo plazo ', 'A'),
(367, 2, '252.01', 'Documentos bancarios y financieros por pagar a largo plazo nacional ', 'A'),
(368, 2, '252.02', 'Documentos bancarios y financieros por pagar a largo plazo extranjero ', 'A'),
(369, 2, '252.03', 'Documentos y cuentas por pagar a largo plazo nacional ', 'A'),
(370, 2, '252.04', 'Documentos y cuentas por pagar a largo plazo extranjero ', 'A'),
(371, 2, '252.05', 'Documentos y cuentas por pagar a largo plazo nacional parte relacionada ', 'A'),
(372, 2, '252.06', 'Documentos y cuentas por pagar a largo plazo extranjero parte relacionada ', 'A'),
(373, 2, '252.07', 'Hipotecas por pagar a largo plazo nacional ', 'A'),
(374, 2, '252.08', 'Hipotecas por pagar a largo plazo extranjero ', 'A'),
(375, 2, '252.09', 'Hipotecas por pagar a largo plazo nacional parte relacionada ', 'A'),
(376, 2, '252.10', 'Hipotecas por pagar a largo plazo extranjero parte relacionada ', 'A'),
(377, 2, '252.11', 'Intereses por pagar a largo plazo nacional ', 'A'),
(378, 2, '252.12', 'Intereses por pagar a largo plazo extranjero ', 'A'),
(379, 2, '252.13', 'Intereses por pagar a largo plazo nacional parte relacionada ', 'A'),
(380, 2, '252.14', 'Intereses por pagar a largo plazo extranjero parte relacionada ', 'A'),
(381, 2, '252.15', 'Dividendos por pagar nacionales ', 'A'),
(382, 2, '252.16', 'Dividendos por pagar extranjeros ', 'A'),
(383, 2, '252.17', 'Otras cuentas y documentos por pagar a largo plazo ', 'A'),
(384, 1, '253', 'Cobros anticipados a largo plazo ', 'A'),
(385, 2, '253.01', 'Rentas cobradas por anticipado a largo plazo nacional ', 'A'),
(386, 2, '253.02', 'Rentas cobradas por anticipado a largo plazo extranjero ', 'A'),
(387, 2, '253.03', 'Rentas cobradas por anticipado a largo plazo nacional parte relacionada ', 'A'),
(388, 2, '253.04', 'Rentas cobradas por anticipado a largo plazo extranjero parte relacionada ', 'A'),
(389, 2, '253.05', 'Intereses cobrados por anticipado a largo plazo nacional ', 'A'),
(390, 2, '253.06', 'Intereses cobrados por anticipado a largo plazo extranjero ', 'A'),
(391, 2, '253.07', 'Intereses cobrados por anticipado a largo plazo nacional parte relacionada ', 'A'),
(392, 2, '253.08', 'Intereses cobrados por anticipado a largo plazo extranjero parte relacionada ', 'A'),
(393, 2, '253.09', 'Factoraje financiero cobrados por anticipado a largo plazo nacional ', 'A'),
(394, 2, '253.10', 'Factoraje financiero cobrados por anticipado a largo plazo extranjero ', 'A'),
(395, 2, '253.11', 'Factoraje financiero cobrados por anticipado a largo plazo nacional parte relacionada ', 'A'),
(396, 2, '253.12', 'Factoraje financiero cobrados por anticipado a largo plazo extranjero parte relacionada ', 'A'),
(397, 2, '253.13', 'Arrendamiento financiero cobrados por anticipado a largo plazo nacional', 'A'),
(398, 2, '253.14', 'Arrendamiento financiero cobrados por anticipado a largo plazo extranjero ', 'A'),
(399, 2, '253.15', 'Arrendamiento financiero cobrados por anticipado a largo plazo nacional parte relacionada ', 'A'),
(400, 2, '253.16', 'Arrendamiento financiero cobrados por anticipado a largo plazo extranjero parte relacionada ', 'A'),
(401, 2, '253.17', 'Derechos fiduciarios ', 'A'),
(402, 2, '253.18', 'Otros cobros anticipados ', 'A'),
(403, 1, '254', 'Instrumentos financieros a largo plazo ', 'A'),
(404, 2, '254.01', 'Instrumentos financieros a largo plazo ', 'A'),
(405, 1, '255', 'Pasivos por beneficios a los empleados a largo plazo ', 'A'),
(406, 2, '255.01', 'Pasivos por beneficios a los empleados a largo plazo ', 'A'),
(407, 1, '256', 'Otros pasivos a largo plazo ', 'A'),
(408, 2, '256.01', 'Otros pasivos a largo plazo ', 'A'),
(409, 1, '257', 'Participación de los trabajadores en las utilidades diferida ', 'A'),
(410, 2, '257.01', 'Participación de los trabajadores en las utilidades diferida ', 'A'),
(411, 1, '258', 'Obligaciones contraídas de fideicomisos ', 'A'),
(412, 2, '258.01', 'Obligaciones contraídas de fideicomisos ', 'A'),
(413, 1, '259', 'Impuestos diferidos ', 'A'),
(414, 2, '259.01', 'ISR diferido ', 'A'),
(415, 2, '259.02', 'ISR por dividendo diferido ', 'A'),
(416, 2, '259.03', 'Otros impuestos diferidos ', 'A'),
(417, 1, '260', 'Pasivos diferidos ', 'A'),
(418, 2, '260.01', 'Pasivos diferidos ', 'A'),
(419, 0, '300', 'Capital contable ', 'A'),
(420, 1, '301', 'Capital social ', 'A'),
(421, 2, '301.01', 'Capital fijo ', 'A'),
(422, 2, '301.02', 'Capital variable ', 'A'),
(423, 2, '301.03', 'Aportaciones para futuros aumentos de capital ', 'A'),
(424, 2, '301.04', 'Prima en suscripción de acciones ', 'A'),
(425, 2, '301.05', 'Prima en suscripción de partes sociales ', 'A'),
(426, 1, '302', 'Patrimonio ', 'A'),
(427, 2, '302.01', 'Patrimonio ', 'A'),
(428, 2, '302.02', 'Aportación patrimonial ', 'A'),
(429, 2, '302.03', 'Déficit o remanente del ejercicio', 'A'),
(430, 1, '303', 'Reserva legal ', 'A'),
(431, 2, '303.01', 'Reserva legal ', 'A'),
(432, 1, '304', 'Resultado de ejercicios anteriores ', 'A'),
(433, 2, '304.01', 'Utilidad de ejercicios anteriores ', 'A'),
(434, 2, '304.02', 'Pérdida de ejercicios anteriores ', 'A'),
(435, 2, '304.03', 'Resultado integral de ejercicios anteriores ', 'A'),
(436, 2, '304.04', 'Déficit o remanente de ejercicio anteriores ', 'A'),
(437, 1, '305', 'Resultado del ejercicio  ', 'A'),
(438, 2, '305.01', 'Utilidad del ejercicio', 'A'),
(439, 2, '305.02', 'Pérdida del ejercicio ', 'A'),
(440, 2, '305.03', 'Resultado integral ', 'A'),
(441, 1, '306', 'Otras cuentas de capital ', 'A'),
(442, 2, '306.01', 'Otras cuentas de capital ', 'A'),
(443, 0, '400', 'Ingresos ', 'A'),
(444, 1, '401', 'Ingresos ', 'A'),
(445, 2, '401.01', 'Ventas y/o servicios gravados a la tasa general ', 'A'),
(446, 2, '401.02', 'Ventas y/o servicios gravados a la tasa general de contado ', 'A'),
(447, 2, '401.03', 'Ventas y/o servicios gravados a la tasa general a crédito ', 'A'),
(448, 2, '401.04', 'Ventas y/o servicios gravados al 0%', 'A'),
(449, 2, '401.05', 'Ventas y/o servicios gravados al 0% de contado ', 'A'),
(450, 2, '401.06', 'Ventas y/o servicios gravados al 0% a crédito ', 'A'),
(451, 2, '401.07', 'Ventas y/o servicios exentos ', 'A'),
(452, 2, '401.08', 'Ventas y/o servicios exentos de contado ', 'A'),
(453, 2, '401.09', 'Ventas y/o servicios exentos a crédito ', 'A'),
(454, 2, '401.10', 'Ventas y/o servicios gravados a la tasa general nacionales partes relacionadas ', 'A'),
(455, 2, '401.11', 'Ventas y/o servicios gravados a la tasa general extranjeros partes relacionadas ', 'A'),
(456, 2, '401.12', 'Ventas y/o servicios gravados al 0% nacionales partes relacionadas ', 'A'),
(457, 2, '401.13', 'Ventas y/o servicios gravados al 0% extranjeros partes relacionadas ', 'A'),
(458, 2, '401.14', 'Ventas y/o servicios exentos nacionales partes relacionadas ', 'A'),
(459, 2, '401.15', 'Ventas y/o servicios exentos extranjeros partes relacionadas ', 'A'),
(460, 2, '401.16', 'Ingresos por servicios administrativos ', 'A'),
(461, 2, '401.17', 'Ingresos por servicios administrativos nacionales partes relacionadas ', 'A'),
(462, 2, '401.18', 'Ingresos por servicios administrativos extranjeros partes relacionadas ', 'A'),
(463, 2, '401.19', 'Ingresos por servicios profesionales ', 'A'),
(464, 2, '401.20', 'Ingresos por servicios profesionales nacionales partes relacionadas ', 'A'),
(465, 2, '401.21', 'Ingresos por servicios profesionales extranjeros partes relacionadas ', 'A'),
(466, 2, '401.22', 'Ingresos por arrendamiento ', 'A'),
(467, 2, '401.23', 'Ingresos por arrendamiento nacionales partes relacionadas ', 'A'),
(468, 2, '401.24', 'Ingresos por arrendamiento extranjeros partes relacionadas ', 'A'),
(469, 2, '401.25', 'Ingresos por exportación ', 'A'),
(470, 2, '401.26', 'Ingresos por comisiones ', 'A'),
(471, 2, '401.27', 'Ingresos por maquila ', 'A'),
(472, 2, '401.28', 'Ingresos por coordinados ', 'A'),
(473, 2, '401.29', 'Ingresos por regalías ', 'A'),
(474, 2, '401.30', 'Ingresos por asistencia técnica ', ''),
(475, 2, '401.31', 'Ingresos por donativos ', ''),
(476, 2, '401.32', 'Ingresos por intereses (actividad propia) ', ''),
(477, 2, '401.33', 'Ingresos de copropiedad ', ''),
(478, 2, '401.34', 'Ingresos por fideicomisos ', ''),
(479, 2, '401.35', 'Ingresos por factoraje financiero ', 'A'),
(480, 2, '401.36', 'Ingresos por arrendamiento financiero ', 'A'),
(481, 2, '401.37', 'Ingresos de extranjeros con establecimiento en el país ', 'A'),
(482, 2, '401.38', 'Otros ingresos propios ', 'A'),
(483, 1, '402', 'Devoluciones, descuentos o bonificaciones sobre ingresos ', 'A'),
(484, 2, '402.01', 'Devoluciones, descuentos o bonificaciones sobre ventas y/o servicios a la tasa general ', 'A'),
(485, 2, '402.02', 'Devoluciones, descuentos o bonificaciones sobre ventas y/o servicios al 0% ', 'D'),
(486, 2, '402.03', 'Devoluciones, descuentos o bonificaciones sobre ventas y/o servicios exentos ', 'D'),
(487, 2, '402.04', 'Devoluciones, descuentos o bonificaciones de otros ingresos ', 'D'),
(488, 1, '403', 'Otros ingresos ', 'D'),
(489, 2, '403.01', 'Otros Ingresos ', 'D'),
(490, 2, '403.02', 'Otros ingresos nacionales parte relacionada ', 'D'),
(491, 2, '403.03', 'Otros ingresos extranjeros parte relacionada ', 'D'),
(492, 2, '403.04', 'Ingresos por operaciones discontinuas ', 'D'),
(493, 2, '403.05', 'Ingresos por condonación de adeudo', 'D'),
(494, 1, '501', 'Costo de venta y/o servicio ', ''),
(495, 2, '501.01', 'Costo de venta ', ''),
(496, 2, '501.02', 'Costo de servicios (Mano de obra) ', ''),
(497, 2, '501.03', 'Materia prima directa utilizada para la producción ', ''),
(498, 2, '501.04', 'Materia prima consumida en el proceso productivo', ''),
(499, 2, '501.05', 'Mano de obra directa consumida ', ''),
(500, 2, '501.06', 'Mano de obra directa ', ''),
(501, 2, '501.07', 'Cargos indirectos de producción ', 'D'),
(502, 2, '501.08', 'Otros conceptos de costo ', 'D'),
(503, 1, '502', 'Compras ', 'D'),
(504, 2, '502.01', 'Compras nacionales ', 'D'),
(505, 2, '502.02', 'Compras nacionales parte relacionada ', 'D'),
(506, 2, '502.03', 'Compras de Importación ', 'D'),
(507, 2, '502.04', 'Compras de Importación partes relacionadas ', 'D'),
(508, 1, '503', 'Devoluciones, descuentos o bonificaciones sobre compras ', ''),
(509, 2, '503.01', 'Devoluciones, descuentos o bonificaciones sobre compras ', ''),
(510, 1, '504', 'Otras cuentas de costos ', ''),
(511, 2, '504.01', 'Gastos indirectos de fabricación ', ''),
(512, 2, '504.02', 'Gastos indirectos de fabricación de partes relacionadas nacionales ', ''),
(513, 2, '504.03', 'Gastos indirectos de fabricación de partes relacionadas extranjeras ', ''),
(514, 2, '504.04', 'Otras cuentas de costos incurridos ', ''),
(515, 2, '504.05', 'Otras cuentas de costos incurridos con partes relacionadas nacionales ', ''),
(516, 2, '504.06', 'Otras cuentas de costos incurridos con partes relacionadas extranjeras ', ''),
(517, 2, '504.07', 'Depreciación de edificios ', ''),
(518, 2, '504.08', 'Depreciación de maquinaria y equipo ', ''),
(519, 2, '504.09', 'Depreciación de automóviles, autobuses, camiones de carga, tractocamiones, montacargas y remolques ', ''),
(520, 2, '504.10', 'Depreciación de mobiliario y equipo de oficina ', ''),
(521, 2, '504.11', 'Depreciación de equipo de cómputo ', ''),
(522, 2, '504.12', 'Depreciación de equipo de comunicación ', ''),
(523, 2, '504.13', 'Depreciación de activos biológicos, vegetales y semovientes ', ''),
(524, 2, '504.14', 'Depreciación de otros activos fijos ', ''),
(525, 2, '504.15', 'Depreciación de ferrocarriles ', ''),
(526, 2, '504.16', 'Depreciación de embarcaciones ', 'D'),
(527, 2, '504.17', 'Depreciación de aviones ', 'D'),
(528, 2, '504.18', 'Depreciación de troqueles, moldes, matrices y herramental ', 'D'),
(529, 2, '504.19', 'Depreciación de equipo de comunicaciones telefónicas ', 'D'),
(530, 2, '504.20', 'Depreciación de equipo de comunicación satelital ', 'D'),
(531, 2, '504.21', 'Depreciación de equipo de adaptaciones para personas con capacidades diferentes ', 'D'),
(532, 2, '504.22', 'Depreciación de maquinaria y equipo de generación de energía de fuentes renovables o de sistemas de cogeneración de electricidad eficiente ', 'D'),
(533, 2, '504.23', 'Depreciación de adaptaciones y mejoras ', 'D'),
(534, 2, '504.24', 'Depreciación de otra maquinaria y equipo ', 'D'),
(535, 2, '504.25', 'Otras cuentas de costos ', 'D'),
(536, 1, '505', 'Costo de activo fijo ', 'D'),
(537, 2, '505.01', 'Costo por venta de activo fijo ', 'D'),
(538, 2, '505.02', 'Costo por baja de activo fijo ', 'D'),
(539, 0, '600', 'Gastos ', 'D'),
(540, 1, '601', 'Gastos generales ', 'D'),
(541, 2, '601.01', 'Sueldos y salarios ', 'D'),
(542, 2, '601.02', 'Compensaciones ', 'D'),
(543, 2, '601.03', 'Tiempos extras ', 'D'),
(544, 2, '601.04', 'Premios de asistencia ', 'D'),
(545, 2, '601.05', 'Premios de puntualidad ', 'D'),
(546, 2, '601.06', 'Vacaciones ', 'D'),
(547, 2, '601.07', 'Prima vacacional', 'D'),
(548, 2, '601.08', 'Prima dominical ', 'D'),
(549, 2, '601.09', 'Días festivos ', 'D'),
(550, 2, '601.10', 'Gratificaciones ', 'D'),
(551, 2, '601.11', 'Primas de antigüedad ', 'D'),
(552, 2, '601.12', 'Aguinaldo ', 'D'),
(553, 2, '601.13', 'Indemnizaciones ', 'D'),
(554, 2, '601.14', 'Destajo ', 'D'),
(555, 2, '601.15', 'Despensa ', 'D'),
(556, 2, '601.16', 'Transporte ', 'D'),
(557, 2, '601.17', 'Servicio médico ', 'D'),
(558, 2, '601.18', 'Ayuda en gastos funerarios ', 'D'),
(559, 2, '601.19', 'Fondo de ahorro ', 'D'),
(560, 2, '601.20', 'Cuotas sindicales ', 'D'),
(561, 2, '601.21', 'PTU ', 'D'),
(562, 2, '601.22', 'Estímulo al personal ', 'D'),
(563, 2, '601.23', 'Previsión social ', 'D'),
(564, 2, '601.24', 'Aportaciones para el plan de jubilación ', 'D'),
(565, 2, '601.25', 'Otras prestaciones al personal ', 'D'),
(566, 2, '601.26', 'Cuotas al IMSS ', 'D'),
(567, 2, '601.27', 'Aportaciones al infonavit ', 'D'),
(568, 2, '601.28', 'Aportaciones al SAR ', 'D'),
(569, 2, '601.29', 'Impuesto estatal sobre nóminas ', 'D'),
(570, 2, '601.30', 'Otras aportaciones ', 'D'),
(571, 2, '601.31', 'Asimilados a salarios ', 'D'),
(572, 2, '601.32', 'Servicios administrativos ', 'D'),
(573, 2, '601.33', 'Servicios administrativos partes relacionadas ', 'D'),
(574, 2, '601.34', 'Honorarios a personas físicas residentes nacionales ', 'D'),
(575, 2, '601.35', 'Honorarios a personas físicas residentes nacionales partes relacionadas ', 'D'),
(576, 2, '601.36', 'Honorarios a personas físicas residentes del extranjero ', 'D'),
(577, 2, '601.37', 'Honorarios a personas físicas residentes del extranjero partes relacionadas ', 'D'),
(578, 2, '601.38', 'Honorarios a personas morales residentes nacionales ', 'D'),
(579, 2, '601.39', 'Honorarios a personas morales residentes nacionales partes relacionadas ', 'D'),
(580, 2, '601.40', 'Honorarios a personas morales residentes del extranjero ', 'D'),
(581, 2, '601.41', 'Honorarios a personas morales residentes del extranjero partes relacionadas ', 'D'),
(582, 2, '601.42', 'Honorarios aduanales personas físicas ', 'D'),
(583, 2, '601.43', 'Honorarios aduanales personas morales ', 'D'),
(584, 2, '601.44', 'Honorarios al consejo de administración ', 'D'),
(585, 2, '601.45', 'Arrendamiento a personas físicas residentes nacionales ', 'D'),
(586, 2, '601.46', 'Arrendamiento a personas morales residentes nacionales ', 'D'),
(587, 2, '601.47', 'Arrendamiento a residentes del extranjero ', 'D'),
(588, 2, '601.48', 'Combustibles y lubricantes ', 'D'),
(589, 2, '601.49', 'Viáticos y gastos de viaje ', 'D'),
(590, 2, '601.50', 'Teléfono, internet ', 'D'),
(591, 2, '601.51', 'Agua ', 'D'),
(592, 2, '601.52', 'Energía eléctrica ', 'D'),
(593, 2, '601.53', 'Vigilancia y seguridad ', 'D'),
(594, 2, '601.54', 'Limpieza ', 'D'),
(595, 2, '601.55', 'Papelería y artículos de oficina ', 'D'),
(596, 2, '601.56', 'Mantenimiento y conservación ', 'D'),
(597, 2, '601.57', 'Seguros y fianzas ', 'D'),
(598, 2, '601.58', 'Otros impuestos y derechos', 'D'),
(599, 2, '601.59', 'Recargos fiscales ', 'D'),
(600, 2, '601.60', 'Cuotas y suscripciones ', 'D'),
(601, 2, '601.61', 'Propaganda y publicidad ', 'D'),
(602, 2, '601.62', 'Capacitación al personal ', 'D'),
(603, 2, '601.63', 'Donativos y ayudas ', 'D'),
(604, 2, '601.64', 'Asistencia técnica ', 'D'),
(605, 2, '601.65', 'Regalías sujetas a otros porcentajes ', 'D'),
(606, 2, '601.66', 'Regalías sujetas al 5%', 'D'),
(607, 2, '601.67', 'Regalías sujetas al 10%', 'D'),
(608, 2, '601.68', 'Regalías sujetas al 15%', 'D'),
(609, 2, '601.69', 'Regalías sujetas al 25%', 'D'),
(610, 2, '601.70', 'Regalías sujetas al 30%', 'D'),
(611, 2, '601.71', 'Regalías sin retención ', 'D'),
(612, 2, '601.72', 'Fletes y acarreos ', 'D'),
(613, 2, '601.73', 'Gastos de importación ', 'D'),
(614, 2, '601.74', 'Comisiones sobre ventas ', 'D'),
(615, 2, '601.75', 'Comisiones por tarjetas de crédito ', 'D'),
(616, 2, '601.76', 'Patentes y marcas ', 'D'),
(617, 2, '601.77', 'Uniformes ', 'D'),
(618, 2, '601.78', 'Prediales ', 'D'),
(619, 2, '601.79', 'Gastos generales de urbanización ', 'D'),
(620, 2, '601.80', 'Gastos generales de construcción ', 'D'),
(621, 2, '601.81', 'Fletes del extranjero ', 'D'),
(622, 2, '601.82', 'Recolección de bienes del sector agropecuario y/o ganadero ', 'D'),
(623, 2, '601.83', 'Gastos no deducibles (sin requisitos fiscales) ', 'D'),
(624, 2, '601.84', 'Otros gastos generales ', 'D'),
(625, 1, '602', 'Gastos de venta ', 'D'),
(626, 2, '602.01', 'Sueldos y salarios ', 'D'),
(627, 2, '602.02', 'Compensaciones ', 'D'),
(628, 2, '602.03', 'Tiempos extras ', 'D'),
(629, 2, '602.04', 'Premios de asistencia ', 'D'),
(630, 2, '602.05', 'Premios de puntualidad ', 'D'),
(631, 2, '602.06', 'Vacaciones ', 'D'),
(632, 2, '602.07', 'Prima vacacional ', 'D'),
(633, 2, '602.08', 'Prima dominical ', 'D'),
(634, 2, '602.09', 'Días festivos ', 'D'),
(635, 2, '602.10', 'Gratificaciones ', 'D'),
(636, 2, '602.11', 'Primas de antigüedad ', 'D'),
(637, 2, '602.12', 'Aguinaldo ', 'D'),
(638, 2, '602.13', 'Indemnizaciones ', 'D'),
(639, 2, '602.14', 'Destajo ', 'D'),
(640, 2, '602.15', 'Despensa ', 'D'),
(641, 2, '602.16', 'Transporte ', 'D'),
(642, 2, '602.17', 'Servicio médico ', 'D'),
(643, 2, '602.18', 'Ayuda en gastos funerarios ', 'D'),
(644, 2, '602.19', 'Fondo de ahorro ', 'D'),
(645, 2, '602.20', 'Cuotas sindicales ', 'D'),
(646, 2, '602.21', 'PTU ', 'D'),
(647, 2, '602.22', 'Estímulo al personal ', 'D'),
(648, 2, '602.23', 'Previsión social ', 'D'),
(649, 2, '602.24', 'Aportaciones para el plan de jubilación', 'D'),
(650, 2, '602.25', 'Otras prestaciones al personal ', 'D'),
(651, 2, '602.26', 'Cuotas al IMSS ', 'D'),
(652, 2, '602.27', 'Aportaciones al infonavit ', 'D'),
(653, 2, '602.28', 'Aportaciones al SAR ', 'D'),
(654, 2, '602.29', 'Impuesto estatal sobre nóminas ', 'D'),
(655, 2, '602.30', 'Otras aportaciones ', 'D'),
(656, 2, '602.31', 'Asimilados a salarios ', 'D'),
(657, 2, '602.32', 'Servicios administrativos ', 'D'),
(658, 2, '602.33', 'Servicios administrativos partes relacionadas ', 'D'),
(659, 2, '602.34', 'Honorarios a personas físicas residentes nacionales ', 'D'),
(660, 2, '602.35', 'Honorarios a personas físicas residentes nacionales partes relacionadas ', 'D'),
(661, 2, '602.36', 'Honorarios a personas físicas residentes del extranjero ', 'D'),
(662, 2, '602.37', 'Honorarios a personas físicas residentes del extranjero partes relacionadas ', 'D'),
(663, 2, '602.38', 'Honorarios a personas morales residentes nacionales ', 'D'),
(664, 2, '602.39', 'Honorarios a personas morales residentes nacionales partes relacionadas ', 'D'),
(665, 2, '602.40', 'Honorarios a personas morales residentes del extranjero ', 'D'),
(666, 2, '602.41', 'Honorarios a personas morales residentes del extranjero partes relacionadas ', 'D'),
(667, 2, '602.42', 'Honorarios aduanales personas físicas ', 'D'),
(668, 2, '602.43', 'Honorarios aduanales personas morales ', 'D'),
(669, 2, '602.44', 'Honorarios al consejo de administración ', 'D'),
(670, 2, '602.45', 'Arrendamiento a personas físicas residentes nacionales ', 'D'),
(671, 2, '602.46', 'Arrendamiento a personas morales residentes nacionales ', 'D'),
(672, 2, '602.47', 'Arrendamiento a residentes del extranjero ', 'D'),
(673, 2, '602.48', 'Combustibles y lubricantes ', 'D'),
(674, 2, '602.49', 'Viáticos y gastos de viaje ', 'D'),
(675, 2, '602.50', 'Teléfono, internet ', 'D'),
(676, 2, '602.51', 'Agua ', 'D'),
(677, 2, '602.52', 'Energía eléctrica ', 'D'),
(678, 2, '602.53', 'Vigilancia y seguridad ', 'D'),
(679, 2, '602.54', 'Limpieza ', 'D'),
(680, 2, '602.55', 'Papelería y artículos de oficina ', 'D'),
(681, 2, '602.56', 'Mantenimiento y conservación ', 'D'),
(682, 2, '602.57', 'Seguros y fianzas ', 'D'),
(683, 2, '602.58', 'Otros impuestos y derechos ', 'D'),
(684, 2, '602.59', 'Recargos fiscales ', 'D'),
(685, 2, '602.60', 'Cuotas y suscripciones ', 'D'),
(686, 2, '602.61', 'Propaganda y publicidad ', 'D'),
(687, 2, '602.62', 'Capacitación al personal ', 'D'),
(688, 2, '602.63', 'Donativos y ayudas ', 'D'),
(689, 2, '602.64', 'Asistencia técnica ', 'D'),
(690, 2, '602.65', 'Regalías sujetas a otros porcentajes ', 'D'),
(691, 2, '602.66', 'Regalías sujetas al 5%', 'D'),
(692, 2, '602.67', 'Regalías sujetas al 10%', 'D'),
(693, 2, '602.68', 'Regalías sujetas al 15%', 'D'),
(694, 2, '602.69', 'Regalías sujetas al 25%', 'D'),
(695, 2, '602.70', 'Regalías sujetas al 30%', 'D'),
(696, 2, '602.71', 'Regalías sin retención ', 'D'),
(697, 2, '602.72', 'Fletes y acarreos ', 'D'),
(698, 2, '602.73', 'Gastos de importación ', 'D'),
(699, 2, '602.74', 'Comisiones sobre ventas ', 'D'),
(700, 2, '602.75', 'Comisiones por tarjetas de crédito', 'D'),
(701, 2, '602.76', 'Patentes y marcas ', 'D'),
(702, 2, '602.77', 'Uniformes ', 'D'),
(703, 2, '602.78', 'Prediales ', 'D'),
(704, 2, '602.79', 'Gastos de venta de urbanización ', 'D'),
(705, 2, '602.80', 'Gastos de venta de construcción ', 'D'),
(706, 2, '602.81', 'Fletes del extranjero ', 'D'),
(707, 2, '602.82', 'Recolección de bienes del sector agropecuario y/o ganadero ', 'D'),
(708, 2, '602.83', 'Gastos no deducibles (sin requisitos fiscales) ', 'D'),
(709, 2, '602.84', 'Otros gastos de venta ', 'D'),
(710, 1, '603', 'Gastos de administración ', 'D'),
(711, 2, '603.01', 'Sueldos y salarios ', 'D'),
(712, 2, '603.02', 'Compensaciones ', 'D'),
(713, 2, '603.03', 'Tiempos extras ', 'D'),
(714, 2, '603.04', 'Premios de asistencia ', 'D'),
(715, 2, '603.05', 'Premios de puntualidad ', 'D'),
(716, 2, '603.06', 'Vacaciones ', 'D'),
(717, 2, '603.07', 'Prima vacacional ', 'D'),
(718, 2, '603.08', 'Prima dominical ', 'D'),
(719, 2, '603.09', 'Días festivos ', 'D'),
(720, 2, '603.10', 'Gratificaciones ', 'D'),
(721, 2, '603.11', 'Primas de antigüedad ', 'D'),
(722, 2, '603.12', 'Aguinaldo ', 'D'),
(723, 2, '603.13', 'Indemnizaciones ', 'D'),
(724, 2, '603.14', 'Destajo ', 'D'),
(725, 2, '603.15', 'Despensa ', 'D'),
(726, 2, '603.16', 'Transporte ', 'D'),
(727, 2, '603.17', 'Servicio médico ', 'D'),
(728, 2, '603.18', 'Ayuda en gastos funerarios ', 'D'),
(729, 2, '603.19', 'Fondo de ahorro ', 'D'),
(730, 2, '603.20', 'Cuotas sindicales ', 'D'),
(731, 2, '603.21', 'PTU ', 'D'),
(732, 2, '603.22', 'Estímulo al personal ', 'D'),
(733, 2, '603.23', 'Previsión social ', 'D'),
(734, 2, '603.24', 'Aportaciones para el plan de jubilación ', 'D'),
(735, 2, '603.25', 'Otras prestaciones al personal ', 'D'),
(736, 2, '603.26', 'Cuotas al IMSS ', 'D'),
(737, 2, '603.27', 'Aportaciones al infonavit ', 'D'),
(738, 2, '603.28', 'Aportaciones al SAR ', 'D'),
(739, 2, '603.29', 'Impuesto estatal sobre nóminas ', 'D'),
(740, 2, '603.30', 'Otras aportaciones ', 'D'),
(741, 2, '603.31', 'Asimilados a salarios ', 'D'),
(742, 2, '603.32', 'Servicios administrativos ', 'D'),
(743, 2, '603.33', 'Servicios administrativos partes relacionadas ', 'D'),
(744, 2, '603.34', 'Honorarios a personas físicas residentes nacionales ', 'D'),
(745, 2, '603.35', 'Honorarios a personas físicas residentes nacionales partes relacionadas ', 'D'),
(746, 2, '603.36', 'Honorarios a personas físicas residentes del extranjero ', 'D'),
(747, 2, '603.37', 'Honorarios a personas físicas residentes del extranjero partes relacionadas ', 'D'),
(748, 2, '603.38', 'Honorarios a personas morales residentes nacionales ', 'D'),
(749, 2, '603.39', 'Honorarios a personas morales residentes nacionales partes relacionadas ', 'D'),
(750, 2, '603.40', 'Honorarios a personas morales residentes del extranjero ', 'D'),
(751, 2, '603.41', 'Honorarios a personas morales residentes del extranjero partes relacionadas', 'D'),
(752, 2, '603.42', 'Honorarios aduanales personas físicas ', 'D'),
(753, 2, '603.43', 'Honorarios aduanales personas morales ', 'D'),
(754, 2, '603.44', 'Honorarios al consejo de administración ', 'D'),
(755, 2, '603.45', 'Arrendamiento a personas físicas residentes nacionales ', 'D'),
(756, 2, '603.46', 'Arrendamiento a personas morales residentes nacionales ', 'D'),
(757, 2, '603.47', 'Arrendamiento a residentes del extranjero ', 'D'),
(758, 2, '603.48', 'Combustibles y lubricantes ', 'D'),
(759, 2, '603.49', 'Viáticos y gastos de viaje ', 'D'),
(760, 2, '603.50', 'Teléfono, internet ', 'D'),
(761, 2, '603.51', 'Agua ', 'D'),
(762, 2, '603.52', 'Energía eléctrica ', 'D'),
(763, 2, '603.53', 'Vigilancia y seguridad ', 'D'),
(764, 2, '603.54', 'Limpieza ', 'D'),
(765, 2, '603.55', 'Papelería y artículos de oficina ', 'D'),
(766, 2, '603.56', 'Mantenimiento y conservación ', 'D'),
(767, 2, '603.57', 'Seguros y fianzas ', 'D'),
(768, 2, '603.58', 'Otros impuestos y derechos ', 'D'),
(769, 2, '603.59', 'Recargos fiscales ', 'D'),
(770, 2, '603.60', 'Cuotas y suscripciones ', 'D'),
(771, 2, '603.61', 'Propaganda y publicidad ', 'D'),
(772, 2, '603.62', 'Capacitación al personal ', 'D'),
(773, 2, '603.63', 'Donativos y ayudas ', 'D'),
(774, 2, '603.64', 'Asistencia técnica ', 'D'),
(775, 2, '603.65', 'Regalías sujetas a otros porcentajes ', 'D'),
(776, 2, '603.66', 'Regalías sujetas al 5%', 'D'),
(777, 2, '603.67', 'Regalías sujetas al 10%', 'D'),
(778, 2, '603.68', 'Regalías sujetas al 15%', 'D'),
(779, 2, '603.69', 'Regalías sujetas al 25%', 'D'),
(780, 2, '603.70', 'Regalías sujetas al 30%', 'D'),
(781, 2, '603.71', 'Regalías sin retención ', 'D'),
(782, 2, '603.72', 'Fletes y acarreos ', 'D'),
(783, 2, '603.73', 'Gastos de importación ', 'D'),
(784, 2, '603.74', 'Patentes y marcas ', 'D'),
(785, 2, '603.75', 'Uniformes ', 'D'),
(786, 2, '603.76', 'Prediales ', 'D'),
(787, 2, '603.77', 'Gastos de administración de urbanización ', 'D'),
(788, 2, '603.78', 'Gastos de administración de construcción ', 'D'),
(789, 2, '603.79', 'Fletes del extranjero ', 'D'),
(790, 2, '603.80', 'Recolección de bienes del sector agropecuario y/o ganadero ', 'D'),
(791, 2, '603.81', 'Gastos no deducibles (sin requisitos fiscales) ', 'D'),
(792, 2, '603.82', 'Otros gastos de administración ', 'D'),
(793, 1, '604', 'Gastos de fabricación ', 'D'),
(794, 2, '604.01', 'Sueldos y salarios ', 'D'),
(795, 2, '604.02', 'Compensaciones ', 'D'),
(796, 2, '604.03', 'Tiempos extras ', 'D'),
(797, 2, '604.04', 'Premios de asistencia ', 'D'),
(798, 2, '604.05', 'Premios de puntualidad ', 'D'),
(799, 2, '604.06', 'Vacaciones ', 'D'),
(800, 2, '604.07', 'Prima vacacional ', 'D'),
(801, 2, '604.08', 'Prima dominical ', 'D'),
(802, 2, '604.09', 'Días festivos', 'D'),
(803, 2, '604.10', 'Gratificaciones ', 'D'),
(804, 2, '604.11', 'Primas de antigüedad ', 'D'),
(805, 2, '604.12', 'Aguinaldo ', 'D'),
(806, 2, '604.13', 'Indemnizaciones ', 'D'),
(807, 2, '604.14', 'Destajo ', 'D'),
(808, 2, '604.15', 'Despensa ', 'D'),
(809, 2, '604.16', 'Transporte ', 'D'),
(810, 2, '604.17', 'Servicio médico ', 'D'),
(811, 2, '604.18', 'Ayuda en gastos funerarios ', 'D'),
(812, 2, '604.19', 'Fondo de ahorro ', 'D'),
(813, 2, '604.20', 'Cuotas sindicales ', 'D'),
(814, 2, '604.21', 'PTU ', 'D'),
(815, 2, '604.22', 'Estímulo al personal ', 'D'),
(816, 2, '604.23', 'Previsión social ', 'D'),
(817, 2, '604.24', 'Aportaciones para el plan de jubilación ', 'D'),
(818, 2, '604.25', 'Otras prestaciones al personal ', 'D'),
(819, 2, '604.26', 'Cuotas al IMSS ', 'D'),
(820, 2, '604.27', 'Aportaciones al infonavit ', 'D'),
(821, 2, '604.28', 'Aportaciones al SAR ', 'D'),
(822, 2, '604.29', 'Impuesto estatal sobre nóminas ', 'D'),
(823, 2, '604.30', 'Otras aportaciones ', 'D'),
(824, 2, '604.31', 'Asimilados a salarios ', 'D'),
(825, 2, '604.32', 'Servicios administrativos ', 'D'),
(826, 2, '604.33', 'Servicios administrativos partes relacionadas ', 'D'),
(827, 2, '604.34', 'Honorarios a personas físicas residentes nacionales ', 'D'),
(828, 2, '604.35', 'Honorarios a personas físicas residentes nacionales partes relacionadas ', 'D'),
(829, 2, '604.36', 'Honorarios a personas físicas residentes del extranjero ', 'D'),
(830, 2, '604.37', 'Honorarios a personas físicas residentes del extranjero partes relacionadas ', 'D'),
(831, 2, '604.38', 'Honorarios a personas morales residentes nacionales ', 'D'),
(832, 2, '604.39', 'Honorarios a personas morales residentes nacionales partes relacionadas ', 'D'),
(833, 2, '604.40', 'Honorarios a personas morales residentes del extranjero ', 'D'),
(834, 2, '604.41', 'Honorarios a personas morales residentes del extranjero partes relacionadas ', 'D'),
(835, 2, '604.42', 'Honorarios aduanales personas físicas ', 'D'),
(836, 2, '604.43', 'Honorarios aduanales personas morales ', 'D'),
(837, 2, '604.44', 'Honorarios al consejo de administración ', 'D'),
(838, 2, '604.45', 'Arrendamiento a personas físicas residentes nacionales ', 'D'),
(839, 2, '604.46', 'Arrendamiento a personas morales residentes nacionales ', 'D'),
(840, 2, '604.47', 'Arrendamiento a residentes del extranjero ', 'D'),
(841, 2, '604.48', 'Combustibles y lubricantes ', 'D'),
(842, 2, '604.49', 'Viáticos y gastos de viaje ', 'D'),
(843, 2, '604.50', 'Teléfono, internet ', 'D'),
(844, 2, '604.51', 'Agua ', 'D'),
(845, 2, '604.52', 'Energía eléctrica ', 'D'),
(846, 2, '604.53', 'Vigilancia y seguridad ', 'D'),
(847, 2, '604.54', 'Limpieza ', 'D'),
(848, 2, '604.55', 'Papelería y artículos de oficina ', 'D'),
(849, 2, '604.56', 'Mantenimiento y conservación ', 'D'),
(850, 2, '604.57', 'Seguros y fianzas ', 'D'),
(851, 2, '604.58', 'Otros impuestos y derechos ', 'D'),
(852, 2, '604.59', 'Recargos fiscales ', 'D'),
(853, 2, '604.60', 'Cuotas y suscripciones', 'D'),
(854, 2, '604.61', 'Propaganda y publicidad ', 'D'),
(855, 2, '604.62', 'Capacitación al personal ', 'D'),
(856, 2, '604.63', 'Donativos y ayudas ', 'D'),
(857, 2, '604.64', 'Asistencia técnica ', 'D'),
(858, 2, '604.65', 'Regalías sujetas a otros porcentajes ', 'D'),
(859, 2, '604.66', 'Regalías sujetas al 5%', 'D'),
(860, 2, '604.67', 'Regalías sujetas al 10%', 'D'),
(861, 2, '604.68', 'Regalías sujetas al 15%', 'D'),
(862, 2, '604.69', 'Regalías sujetas al 25%', 'D'),
(863, 2, '604.70', 'Regalías sujetas al 30%', 'D'),
(864, 2, '604.71', 'Regalías sin retención ', 'D'),
(865, 2, '604.72', 'Fletes y acarreos ', 'D'),
(866, 2, '604.73', 'Gastos de importación ', 'D'),
(867, 2, '604.74', 'Patentes y marcas ', ''),
(868, 2, '604.75', 'Uniformes ', ''),
(869, 2, '604.76', 'Prediales ', ''),
(870, 2, '604.77', 'Gastos de fabricación de urbanización ', ''),
(871, 2, '604.78', 'Gastos de fabricación de construcción ', ''),
(872, 2, '604.79', 'Fletes del extranjero ', ''),
(873, 2, '604.80', 'Recolección de bienes del sector agropecuario y/o ganadero ', ''),
(874, 2, '604.81', 'Gastos no deducibles (sin requisitos fiscales) ', ''),
(875, 2, '604.82', 'Otros gastos de fabricación ', ''),
(876, 1, '605', 'Mano de obra directa ', ''),
(877, 2, '605.01', 'Mano de obra ', ''),
(878, 2, '605.02', 'Sueldos y Salarios ', ''),
(879, 2, '605.03', 'Compensaciones ', ''),
(880, 2, '605.04', 'Tiempos extras ', ''),
(881, 2, '605.05', 'Premios de asistencia ', ''),
(882, 2, '605.06', 'Premios de puntualidad ', ''),
(883, 2, '605.07', 'Vacaciones ', ''),
(884, 2, '605.08', 'Prima vacacional ', ''),
(885, 2, '605.09', 'Prima dominical ', ''),
(886, 2, '605.10', 'Días festivos ', ''),
(887, 2, '605.11', 'Gratificaciones ', ''),
(888, 2, '605.12', 'Primas de antigüedad ', ''),
(889, 2, '605.13', 'Aguinaldo ', ''),
(890, 2, '605.14', 'Indemnizaciones ', ''),
(891, 2, '605.15', 'Destajo ', ''),
(892, 2, '605.16', 'Despensa ', ''),
(893, 2, '605.17', 'Transporte ', ''),
(894, 2, '605.18', 'Servicio médico ', ''),
(895, 2, '605.19', 'Ayuda en gastos funerarios ', ''),
(896, 2, '605.20', 'Fondo de ahorro ', ''),
(897, 2, '605.21', 'Cuotas sindicales ', ''),
(898, 2, '605.22', 'PTU ', ''),
(899, 2, '605.23', 'Estímulo al personal ', ''),
(900, 2, '605.24', 'Previsión social ', ''),
(901, 2, '605.25', 'Aportaciones para el plan de jubilación ', ''),
(902, 2, '605.26', 'Otras prestaciones al personal ', ''),
(903, 2, '605.27', 'Asimilados a salarios ', ''),
(904, 2, '605.28', 'Cuotas al IMSS', ''),
(905, 2, '605.29', 'Aportaciones al infonavit ', ''),
(906, 2, '605.30', 'Aportaciones al SAR ', ''),
(907, 2, '605.31', 'Otros costos de mano de obra directa ', ''),
(908, 1, '606', 'Facilidades administrativas fiscales ', ''),
(909, 2, '606.01', 'Facilidades administrativas fiscales ', ''),
(910, 1, '607', 'Participación de los trabajadores en las utilidades ', ''),
(911, 2, '607.01', 'Participación de los trabajadores en las utilidades ', ''),
(912, 1, '608', 'Participación en resultados de subsidiarias ', ''),
(913, 2, '608.01', 'Participación en resultados de subsidiarias ', ''),
(914, 1, '609', 'Participación en resultados de asociadas ', ''),
(915, 2, '609.01', 'Participación en resultados de asociadas ', ''),
(916, 1, '610', 'Participación de los trabajadores en las utilidades diferida ', ''),
(917, 2, '610.01', 'Participación de los trabajadores en las utilidades diferida ', ''),
(918, 1, '611', 'Impuesto Sobre la renta ', ''),
(919, 2, '611.01', 'Impuesto Sobre la renta ', ''),
(920, 2, '611.02', 'Impuesto Sobre la renta por remanente distribuible ', ''),
(921, 1, '612', 'Gastos no deducibles para CUFIN ', ''),
(922, 2, '612.01', 'Gastos no deducibles para CUFIN ', ''),
(923, 1, '613', 'Depreciación contable ', ''),
(924, 2, '613.01', 'Depreciación de edificios ', ''),
(925, 2, '613.02', 'Depreciación de maquinaria y equipo ', ''),
(926, 2, '613.03', 'Depreciación de automóviles, autobuses, camiones de carga, tractocamiones, montacargas y remolques ', ''),
(927, 2, '613.04', 'Depreciación de mobiliario y equipo de oficina ', ''),
(928, 2, '613.05', 'Depreciación de equipo de cómputo ', ''),
(929, 2, '613.06', 'Depreciación de equipo de comunicación ', ''),
(930, 2, '613.07', 'Depreciación de activos biológicos, vegetales y semovientes ', ''),
(931, 2, '613.08', 'Depreciación de otros activos fijos ', ''),
(932, 2, '613.09', 'Depreciación de ferrocarriles ', ''),
(933, 2, '613.10', 'Depreciación de embarcaciones ', ''),
(934, 2, '613.11', 'Depreciación de aviones ', ''),
(935, 2, '613.12', 'Depreciación de troqueles, moldes, matrices y herramental ', ''),
(936, 2, '613.13', 'Depreciación de equipo de comunicaciones telefónicas ', ''),
(937, 2, '613.14', 'Depreciación de equipo de comunicación satelital ', ''),
(938, 2, '613.15', 'Depreciación de equipo de adaptaciones para personas con capacidades diferentes ', ''),
(939, 2, '613.16', 'Depreciación de maquinaria y equipo de generación de energía de fuentes renovables o de sistemas de cogeneración de electricidad eficiente ', ''),
(940, 2, '613.17', 'Depreciación de adaptaciones y mejoras ', ''),
(941, 2, '613.18', 'Depreciación de otra maquinaria y equipo ', ''),
(942, 1, '614', 'Amortización contable ', ''),
(943, 2, '614.01', 'Amortización de gastos diferidos ', ''),
(944, 2, '614.02', 'Amortización de gastos pre operativos ', ''),
(945, 2, '614.03', 'Amortización de regalías, asistencia técnica y otros gastos diferidos ', 'D'),
(946, 2, '614.04', 'Amortización de activos intangibles ', 'D'),
(947, 2, '614.05', 'Amortización de gastos de organización ', 'D'),
(948, 2, '614.06', 'Amortización de investigación y desarrollo de mercado ', 'D'),
(949, 2, '614.07', 'Amortización de marcas y patentes ', 'D'),
(950, 2, '614.08', 'Amortización de crédito mercantil ', 'D'),
(951, 2, '614.09', 'Amortización de gastos de instalación ', 'D'),
(952, 2, '614.10', 'Amortización de otros activos diferidos ', 'D'),
(953, 0, '700', 'Resultado integral de financiamiento', 'D'),
(954, 1, '701', 'Gastos financieros ', 'D'),
(955, 2, '701.01', 'Pérdida cambiaria ', 'D'),
(956, 2, '701.02', 'Pérdida cambiaria nacional parte relacionada ', 'D'),
(957, 2, '701.03', 'Pérdida cambiaria extranjero parte relacionada ', 'A'),
(958, 2, '701.04', 'Intereses a cargo bancario nacional ', 'A'),
(959, 2, '701.05', 'Intereses a cargo bancario extranjero ', 'A'),
(960, 2, '701.06', 'Intereses a cargo de personas físicas nacional ', 'A'),
(961, 2, '701.07', 'Intereses a cargo de personas físicas extranjero ', 'A'),
(962, 2, '701.08', 'Intereses a cargo de personas morales nacional ', 'A'),
(963, 2, '701.09', 'Intereses a cargo de personas morales extranjero ', 'A'),
(964, 2, '701.10', 'Comisiones bancarias ', 'A'),
(965, 2, '701.11', 'Otros gastos financieros ', 'A'),
(966, 1, '702', 'Productos financieros ', 'A'),
(967, 2, '702.01', 'Utilidad cambiaria ', 'A'),
(968, 2, '702.02', 'Utilidad cambiaria nacional parte relacionada ', 'D'),
(969, 2, '702.03', 'Utilidad cambiaria extranjero parte relacionada ', 'D'),
(970, 2, '702.04', 'Intereses a favor bancarios nacional ', 'D'),
(971, 2, '702.05', 'Intereses a favor bancarios extranjero ', 'D'),
(972, 2, '702.06', 'Intereses a favor de personas físicas nacional ', 'D'),
(973, 2, '702.07', 'Intereses a favor de personas físicas extranjero ', 'D'),
(974, 2, '702.08', 'Intereses a favor de personas morales nacional ', 'D'),
(975, 2, '702.09', 'Intereses a favor de personas morales extranjero ', 'D'),
(976, 2, '702.10', 'Otros productos financieros ', 'D'),
(977, 1, '703', 'Otros gastos ', 'D'),
(978, 2, '703.01', 'Pérdida en venta y/o baja de terrenos ', 'D'),
(979, 2, '703.02', 'Pérdida en venta y/o baja de edificios ', 'D'),
(980, 2, '703.03', 'Pérdida en venta y/o baja de maquinaria y equipo ', 'D'),
(981, 2, '703.04', 'Pérdida en venta y/o baja de automóviles, autobuses, camiones de carga, tractocamiones, montacargas y remolques ', 'D'),
(982, 2, '703.05', 'Pérdida en venta y/o baja de mobiliario y equipo de oficina ', 'D'),
(983, 2, '703.06', 'Pérdida en venta y/o baja de equipo de cómputo ', 'D'),
(984, 2, '703.07', 'Pérdida en venta y/o baja de equipo de comunicación ', 'D'),
(985, 2, '703.08', 'Pérdida en venta y/o baja de activos biológicos, vegetales y semovientes ', 'D'),
(986, 2, '703.09', 'Pérdida en venta y/o baja de otros activos fijos ', 'D'),
(987, 2, '703.10', 'Pérdida en venta y/o baja de ferrocarriles ', 'D'),
(988, 2, '703.11', 'Pérdida en venta y/o baja de embarcaciones ', 'D'),
(989, 2, '703.12', 'Pérdida en venta y/o baja de aviones ', 'D'),
(990, 2, '703.13', 'Pérdida en venta y/o baja de troqueles, moldes, matrices y herramental ', 'A'),
(991, 2, '703.14', 'Pérdida en venta y/o baja de equipo de comunicaciones telefónicas ', 'A'),
(992, 2, '703.15', 'Pérdida en venta y/o baja de equipo de comunicación satelital ', 'A'),
(993, 2, '703.16', 'Pérdida en venta y/o baja de equipo de adaptaciones para personas con capacidades diferentes ', 'A'),
(994, 2, '703.17', 'Pérdida en venta y/o baja de maquinaria y equipo de generación de energía de fuentes renovables o de sistemas de cogeneración de electricidad eficiente ', 'A'),
(995, 2, '703.18', 'Pérdida en venta y/o baja de otra maquinaria y equipo ', 'A'),
(996, 2, '703.19', 'Pérdida por enajenación de acciones ', 'A'),
(997, 2, '703.20', 'Pérdida por enajenación de partes sociales ', 'A'),
(998, 2, '703.21', 'Otros gastos ', 'A'),
(999, 1, '704', 'Otros productos ', 'A'),
(1000, 2, '704.01', 'Ganancia en venta y/o baja de terrenos ', 'A'),
(1001, 2, '704.02', 'Ganancia en venta y/o baja de edificios', 'A'),
(1002, 2, '704.03', 'Ganancia en venta y/o baja de maquinaria y equipo ', 'A'),
(1003, 2, '704.04', 'Ganancia en venta y/o baja de automóviles, autobuses, camiones de carga, tractocamiones, montacargas y remolques ', 'A'),
(1004, 2, '704.05', 'Ganancia en venta y/o baja de mobiliario y equipo de oficina ', 'A'),
(1005, 2, '704.06', 'Ganancia en venta y/o baja de equipo de cómputo ', 'A'),
(1006, 2, '704.07', 'Ganancia en venta y/o baja de equipo de comunicación ', 'A'),
(1007, 2, '704.08', 'Ganancia en venta y/o baja de activos biológicos, vegetales y semovientes ', 'A'),
(1008, 2, '704.09', 'Ganancia en venta y/o baja de otros activos fijos ', 'A'),
(1009, 2, '704.10', 'Ganancia en venta y/o baja de ferrocarriles ', 'A'),
(1010, 2, '704.11', 'Ganancia en venta y/o baja de embarcaciones ', 'A'),
(1011, 2, '704.12', 'Ganancia en venta y/o baja de aviones ', 'A'),
(1012, 2, '704.13', 'Ganancia en venta y/o baja de troqueles, moldes, matrices y herramental ', 'A'),
(1013, 2, '704.14', 'Ganancia en venta y/o baja de equipo de comunicaciones telefónicas ', 'A'),
(1014, 2, '704.15', 'Ganancia en venta y/o baja de equipo de comunicación satelital ', ''),
(1015, 2, '704.16', 'Ganancia en venta y/o baja de equipo de adaptaciones para personas con capacidades diferentes ', ''),
(1016, 2, '704.17', 'Ganancia en venta de maquinaria y equipo de generación de energía de fuentes renovables o de sistemas de cogeneración de electricidad eficiente ', ''),
(1017, 2, '704.18', 'Ganancia en venta y/o baja de otra maquinaria y equipo ', ''),
(1018, 2, '704.19', 'Ganancia por enajenación de acciones ', ''),
(1019, 2, '704.20', 'Ganancia por enajenación de partes sociales ', ''),
(1020, 2, '704.21', 'Ingresos por estímulos fiscales ', ''),
(1021, 2, '704.22', 'Ingresos por condonación de adeudo ', ''),
(1022, 2, '704.23', 'Otros productos ', ''),
(1023, 0, '800', 'Cuentas de orden ', ''),
(1024, 1, '801', 'UFIN del ejercicio ', ''),
(1025, 2, '801.01', 'UFIN ', ''),
(1026, 2, '801.02', 'Contra cuenta UFIN ', ''),
(1027, 1, '802', 'CUFIN del ejercicio ', ''),
(1028, 2, '802.01', 'CUFIN ', ''),
(1029, 2, '802.02', 'Contra cuenta CUFIN ', ''),
(1030, 1, '803', 'CUFIN de ejercicios anteriores ', ''),
(1031, 2, '803.01', 'CUFIN de ejercicios anteriores ', ''),
(1032, 2, '803.02', 'Contra cuenta CUFIN de ejercicios anteriores ', ''),
(1033, 1, '804', 'CUFINRE del ejercicio ', ''),
(1034, 2, '804.01', 'CUFINRE ', ''),
(1035, 2, '804.02', 'Contra cuenta CUFINRE ', ''),
(1036, 1, '805', 'CUFINRE de ejercicios anteriores ', ''),
(1037, 2, '805.01', 'CUFINRE de ejercicios anteriores ', ''),
(1038, 2, '805.02', 'Contra cuenta CUFINRE de ejercicios anteriores ', ''),
(1039, 1, '806', 'CUCA del ejercicio ', ''),
(1040, 2, '806.01', 'CUCA ', ''),
(1041, 2, '806.02', 'Contra cuenta CUCA ', ''),
(1042, 1, '807', 'CUCA de ejercicios anteriores ', ''),
(1043, 2, '807.01', 'CUCA de ejercicios anteriores ', ''),
(1044, 2, '807.02', 'Contra cuenta CUCA de ejercicios anteriores ', ''),
(1045, 1, '808', 'Ajuste anual por inflación acumulable ', ''),
(1046, 2, '808.01', 'Ajuste anual por inflación acumulable ', ''),
(1047, 2, '808.02', 'Acumulación del ajuste anual inflacionario ', ''),
(1048, 1, '809', 'Ajuste anual por inflación deducible ', ''),
(1049, 2, '809.01', 'Ajuste anual por inflación deducible', ''),
(1050, 2, '809.02', 'Deducción del ajuste anual inflacionario ', ''),
(1051, 1, '810', 'Deducción de inversión ', ''),
(1052, 2, '810.01', 'Deducción de inversión ', ''),
(1053, 2, '810.02', 'Contra cuenta deducción de inversiones ', ''),
(1054, 1, '811', 'Utilidad o pérdida fiscal en venta y/o baja de activo fijo ', ''),
(1055, 2, '811.01', 'Utilidad o pérdida fiscal en venta y/o baja de activo fijo ', ''),
(1056, 2, '811.02', 'Contra cuenta utilidad o pérdida fiscal en venta y/o baja de activo fijo ', ''),
(1057, 1, '812', 'Utilidad o pérdida fiscal en venta acciones o partes sociales ', ''),
(1058, 2, '812.01', 'Utilidad o pérdida fiscal en venta acciones o partes sociales ', ''),
(1059, 2, '812.02', 'Contra cuenta utilidad o pérdida fiscal en venta acciones o partes sociales ', ''),
(1060, 1, '813', 'Pérdidas fiscales pendientes de amortizar actualizadas de ejercicios anteriores ', ''),
(1061, 2, '813.01', 'Pérdidas fiscales pendientes de amortizar actualizadas de ejercicios anteriores ', ''),
(1062, 2, '813.02', 'Actualización de pérdidas fiscales pendientes de amortizar de ejercicios anteriores ', ''),
(1063, 1, '814', 'Mercancías recibidas en consignación ', ''),
(1064, 2, '814.01', 'Mercancías recibidas en consignación ', ''),
(1065, 2, '814.02', 'Consignación de mercancías recibidas ', ''),
(1066, 1, '815', 'Crédito fiscal de IVA e IEPS por la importación de mercancías para empresas certificadas ', ''),
(1067, 2, '815.01', 'Crédito fiscal de IVA e IEPS por la importación de mercancías ', ''),
(1068, 2, '815.02', 'Importación de mercancías con aplicación de crédito fiscal de IVA e IEPS ', ''),
(1069, 1, '816', 'Crédito fiscal de IVA e IEPS por la importación de activos fijos para empresas certificadas ', ''),
(1070, 2, '816.01', 'Crédito fiscal de IVA e IEPS por la importación de activo fijo ', ''),
(1071, 2, '816.02', 'Importación de activo fijo con aplicación de crédito fiscal de IVA e IEPS ', ''),
(1072, 1, '899', 'Otras cuentas de orden ', ''),
(1073, 2, '899.01', 'Otras cuentas de orden ', ''),
(1074, 2, '899.02', 'Contra cuenta otras cuentas de orden', '');
